order_id,user_id,store_id,order_date,total_amount,status,delivery_address,payment_method,delivery_time
1,1,1,2025-01-10,45.67,Delivered,123 Broadway Ave NY 10001,Credit Card,2025-01-10 14:30
2,2,2,2025-01-11,32.45,Delivered,456 Amsterdam Ave NY 10025,Debit Card,2025-01-11 16:45
3,3,1,2025-01-12,78.9,Delivered,123 Broadway Ave NY 10001,PayPal,2025-01-12 11:20
4,4,3,2025-01-13,56.23,Delivered,789 West End Ave NY 10011,Credit Card,2025-01-13 15:10
5,5,4,2025-01-14,89.12,Delivered,321 Main Street LA 90001,Credit Card,2025-01-14 17:30
6,6,5,2025-01-15,43.67,Delivered,654 Michigan Ave Chicago 60601,Debit Card,2025-01-15 13:45
7,7,2,2025-01-16,67.89,Delivered,456 Amsterdam Ave NY 10025,Credit Card,2025-01-16 10:20
8,8,6,2025-01-17,91.34,Delivered,987 Houston St Houston 77001,PayPal,2025-01-17 14:55
9,9,7,2025-01-18,52.78,Delivered,147 Desert Blvd Phoenix 85001,Credit Card,2025-01-18 16:30
10,10,3,2025-01-19,38.45,Delivered,789 West End Ave NY 10011,Debit Card,2025-01-19 12:15
11,11,8,2025-01-20,125.67,Delivered,258 Market St Philadelphia 19101,Credit Card,2025-01-20 15:40
12,12,9,2025-01-21,74.23,Delivered,369 Alamo Plaza San Antonio 78201,PayPal,2025-01-21 11:30
13,13,4,2025-01-22,58.9,Delivered,321 Main Street LA 90001,Credit Card,2025-01-22 13:25
14,14,10,2025-01-23,82.45,Delivered,741 Pacific Hwy San Diego 92101,Debit Card,2025-01-23 17:10
15,15,5,2025-01-24,95.12,Delivered,654 Michigan Ave Chicago 60601,Credit Card,2025-01-24 14:20
16,16,1,2025-01-25,49.78,Delivered,852 Commerce St Dallas 75201,PayPal,2025-01-25 16:45
17,17,1,2025-01-26,63.34,Delivered,123 Broadway Ave NY 10001,Credit Card,2025-01-26 12:30
18,18,2,2025-01-27,87.56,Delivered,963 Santa Clara St San Jose 95101,Debit Card,2025-01-27 15:15
19,19,2,2025-01-28,71.23,Delivered,456 Amsterdam Ave NY 10025,Credit Card,2025-01-28 11:50
20,20,3,2025-01-29,103.45,Delivered,159 Congress Ave Austin 78701,PayPal,2025-01-29 13:40
21,21,6,2025-01-30,55.67,Delivered,987 Houston St Houston 77001,Credit Card,2025-01-30 16:20
22,22,4,2025-01-31,68.9,Delivered,267 Beach Blvd Jacksonville 32099,Debit Card,2025-01-31 14:35
23,23,7,2025-02-01,92.12,Delivered,147 Desert Blvd Phoenix 85001,Credit Card,2025-02-01 10:45
24,24,5,2025-02-02,76.45,Delivered,378 Main St Fort Worth 76102,PayPal,2025-02-02 15:55
25,25,3,2025-02-03,84.78,Delivered,789 West End Ave NY 10011,Credit Card,2025-02-03 12:25
26,26,8,2025-02-04,59.23,Delivered,258 Market St Philadelphia 19101,Debit Card,2025-02-04 17:30
27,27,9,2025-02-05,47.89,Delivered,369 Alamo Plaza San Antonio 78201,Credit Card,2025-02-05 11:15
28,28,4,2025-02-06,113.56,Delivered,321 Main Street LA 90001,PayPal,2025-02-06 14:50
29,29,10,2025-02-07,65.34,Delivered,741 Pacific Hwy San Diego 92101,Credit Card,2025-02-07 16:10
30,30,5,2025-02-08,98.67,Delivered,654 Michigan Ave Chicago 60601,Debit Card,2025-02-08 13:20
31,31,1,2025-02-09,72.45,Delivered,852 Commerce St Dallas 75201,Credit Card,2025-02-09 15:35
32,32,1,2025-02-10,88.9,Delivered,123 Broadway Ave NY 10001,PayPal,2025-02-10 11:40
33,33,2,2025-02-11,54.12,Delivered,963 Santa Clara St San Jose 95101,Credit Card,2025-02-11 14:25
34,34,2,2025-02-12,79.78,Delivered,456 Amsterdam Ave NY 10025,Debit Card,2025-02-12 16:55
35,35,3,2025-02-13,101.23,Delivered,159 Congress Ave Austin 78701,Credit Card,2025-02-13 12:10
36,36,3,2025-02-14,66.45,Delivered,789 West End Ave NY 10011,PayPal,2025-02-14 15:30
37,37,6,2025-02-15,93.67,Delivered,267 Beach Blvd Jacksonville 32099,Credit Card,2025-02-15 10:50
38,38,6,2025-02-16,51.89,Delivered,987 Houston St Houston 77001,Debit Card,2025-02-16 13:45
39,39,7,2025-02-17,85.34,Delivered,378 Main St Fort Worth 76102,Credit Card,2025-02-17 17:20
40,40,7,2025-02-18,77.56,Delivered,147 Desert Blvd Phoenix 85001,PayPal,2025-02-18 11:35
41,1,1,2025-02-19,62.12,Delivered,123 Broadway Ave NY 10001,Credit Card,2025-02-19 14:15
42,2,2,2025-02-20,94.78,Delivered,456 Amsterdam Ave NY 10025,Debit Card,2025-02-20 16:40
43,3,1,2025-02-21,48.45,Delivered,123 Broadway Ave NY 10001,PayPal,2025-02-21 12:55
44,4,3,2025-02-22,109.23,Delivered,789 West End Ave NY 10011,Credit Card,2025-02-22 15:10
45,5,4,2025-02-23,73.89,Delivered,321 Main Street LA 90001,Debit Card,2025-02-23 11:25
46,6,5,2025-02-24,86.56,Delivered,654 Michigan Ave Chicago 60601,Credit Card,2025-02-24 14:40
47,7,2,2025-02-25,69.12,Delivered,456 Amsterdam Ave NY 10025,PayPal,2025-02-25 16:20
48,8,6,2025-02-26,115.67,Delivered,987 Houston St Houston 77001,Credit Card,2025-02-26 10:35
49,9,7,2025-02-27,57.34,Delivered,147 Desert Blvd Phoenix 85001,Debit Card,2025-02-27 13:50
50,10,3,2025-02-28,91.78,Delivered,789 West End Ave NY 10011,Credit Card,2025-02-28 15:25
51,11,8,2025-03-01,64.45,In Transit,258 Market St Philadelphia 19101,PayPal,
52,12,9,2025-03-02,82.9,In Transit,369 Alamo Plaza San Antonio 78201,Credit Card,
53,13,4,2025-03-03,76.23,Processing,321 Main Street LA 90001,Debit Card,
54,14,10,2025-03-04,99.56,Processing,741 Pacific Hwy San Diego 92101,Credit Card,
55,15,5,2025-03-05,53.12,Processing,654 Michigan Ave Chicago 60601,PayPal,
56,16,1,2025-03-06,87.67,Pending,852 Commerce St Dallas 75201,Credit Card,
57,17,1,2025-03-06,71.34,Pending,123 Broadway Ave NY 10001,Debit Card,
58,18,2,2025-03-06,95.89,Pending,963 Santa Clara St San Jose 95101,Credit Card,
59,19,2,2025-03-06,68.45,Pending,456 Amsterdam Ave NY 10025,PayPal,
60,20,3,2025-03-06,104.12,Pending,159 Congress Ave Austin 78701,Credit Card,
61,522,61,2025-04-14,163.64,Delivered,22 Main St,Cash,2025-04-15 08:00
62,927,93,2025-01-31,34.96,Delivered,34 Main St,Cash,2025-01-31 14:00
63,292,27,2025-01-17,84.51,In Transit,7 Main St,Credit Card,2025-01-17 02:00
64,400,21,2025-03-03,140.43,In Transit,5 Main St,Cash,2025-03-04 13:00
65,306,66,2025-04-06,125.06,Pending,24 Main St,Cash,2025-04-06 09:00
66,183,2,2025-04-22,146.56,In Transit,2 Main St,PayPal,2025-04-23 17:00
67,721,81,2025-03-01,146.7,Delivered,30 Main St,Credit Card,2025-03-02 01:00
68,782,56,2025-04-25,144.34,Delivered,19 Main St,PayPal,2025-04-26 04:00
69,474,72,2025-04-07,68.56,In Transit,26 Main St,Credit Card,2025-04-08 16:00
70,760,42,2025-04-23,80.43,Delivered,13 Main St,PayPal,2025-04-23 04:00
71,45,74,2025-01-15,88.93,Pending,27 Main St,Credit Card,2025-01-16 00:00
72,738,48,2025-02-16,51.55,Delivered,16 Main St,Debit Card,2025-02-16 09:00
73,812,84,2025-02-12,62.95,Delivered,31 Main St,Cash,2025-02-14 00:00
74,745,35,2025-05-01,155.41,In Transit,11 Main St,Debit Card,2025-05-01 21:00
75,425,5,2025-02-15,181.63,Pending,5 Main St,PayPal,2025-02-15 04:00
76,673,53,2025-01-09,87.11,Pending,18 Main St,Cash,2025-01-10 09:00
77,876,75,2025-03-09,169.32,Pending,27 Main St,PayPal,2025-03-10 05:00
78,139,90,2025-03-21,86.27,Delivered,33 Main St,Debit Card,2025-03-22 06:00
79,536,15,2025-01-12,34.43,In Transit,2 Main St,PayPal,2025-01-12 05:00
80,260,15,2025-01-14,49.66,Delivered,2 Main St,Debit Card,2025-01-15 08:00
81,444,41,2025-01-20,177.5,Delivered,13 Main St,PayPal,2025-01-21 03:00
82,317,40,2025-03-29,117.46,In Transit,12 Main St,Cash,2025-03-29 23:00
83,68,15,2025-02-23,99.89,Delivered,2 Main St,PayPal,2025-02-23 13:00
84,802,58,2025-01-09,23.97,In Transit,20 Main St,PayPal,2025-01-10 03:00
85,549,27,2025-03-16,81.7,Processing,7 Main St,Cash,2025-03-17 14:00
86,364,58,2025-03-27,145.44,Pending,20 Main St,Cash,2025-03-27 20:00
87,825,87,2025-03-14,43.75,Processing,32 Main St,Debit Card,2025-03-14 17:00
88,894,49,2025-01-30,107.16,Processing,16 Main St,Credit Card,2025-01-30 10:00
89,383,33,2025-02-15,71.19,In Transit,10 Main St,Debit Card,2025-02-16 22:00
90,641,20,2025-03-10,71.34,In Transit,5 Main St,Debit Card,2025-03-10 11:00
91,885,83,2025-01-31,41.05,Processing,30 Main St,Debit Card,2025-02-01 05:00
92,160,12,2025-02-03,86.54,In Transit,1 Main St,Credit Card,2025-02-04 19:00
93,809,18,2025-02-10,196.04,In Transit,4 Main St,PayPal,2025-02-11 05:00
94,466,51,2025-03-11,195.58,Processing,17 Main St,Credit Card,2025-03-11 02:00
95,860,51,2025-02-21,187.59,In Transit,17 Main St,Cash,2025-02-21 21:00
96,663,83,2025-01-20,20.77,Processing,30 Main St,PayPal,2025-01-21 07:00
97,779,46,2025-04-25,72.17,In Transit,15 Main St,Cash,2025-04-25 22:00
98,502,10,2025-03-30,40.22,Pending,10 Main St,Credit Card,2025-03-30 09:00
99,651,30,2025-03-28,119.17,Processing,9 Main St,Credit Card,2025-03-29 02:00
100,13,79,2025-03-21,171.36,Pending,29 Main St,PayPal,2025-03-21 06:00
101,614,16,2025-02-11,29.91,In Transit,3 Main St,Debit Card,2025-02-11 18:00
102,402,26,2025-01-26,24.06,Pending,7 Main St,Credit Card,2025-01-27 09:00
103,494,80,2025-02-20,55.0,Processing,29 Main St,Credit Card,2025-02-21 19:00
104,748,87,2025-02-16,91.56,Pending,32 Main St,PayPal,2025-02-17 01:00
105,797,14,2025-02-17,22.19,Processing,2 Main St,PayPal,2025-02-17 20:00
106,28,70,2025-02-27,177.37,Delivered,26 Main St,Debit Card,2025-02-28 23:00
107,281,4,2025-04-24,99.96,Pending,4 Main St,Cash,2025-04-24 19:00
108,130,51,2025-01-21,165.02,Pending,17 Main St,Cash,2025-01-21 09:00
109,189,85,2025-04-17,125.69,Delivered,31 Main St,Debit Card,2025-04-17 14:00
110,536,27,2025-02-08,105.43,Processing,7 Main St,Credit Card,2025-02-09 14:00
111,970,86,2025-04-07,87.64,Delivered,31 Main St,Cash,2025-04-08 17:00
112,876,73,2025-04-28,69.2,In Transit,27 Main St,Cash,2025-04-29 22:00
113,205,14,2025-03-14,155.94,In Transit,2 Main St,Debit Card,2025-03-14 12:00
114,648,64,2025-04-17,88.72,Pending,23 Main St,Credit Card,2025-04-17 20:00
115,469,6,2025-04-17,125.34,Pending,6 Main St,Cash,2025-04-17 15:00
116,914,81,2025-01-04,162.42,In Transit,30 Main St,PayPal,2025-01-04 20:00
117,47,89,2025-03-23,170.16,Pending,32 Main St,Credit Card,2025-03-24 18:00
118,870,55,2025-03-27,180.68,Pending,19 Main St,Debit Card,2025-03-28 08:00
119,606,56,2025-04-27,143.81,In Transit,19 Main St,Credit Card,2025-04-27 08:00
120,548,58,2025-04-08,69.9,Delivered,20 Main St,PayPal,2025-04-09 14:00
121,771,53,2025-03-03,121.8,Processing,18 Main St,Cash,2025-03-04 21:00
122,949,8,2025-04-15,41.53,Delivered,8 Main St,PayPal,2025-04-15 11:00
123,645,8,2025-03-16,30.53,Processing,8 Main St,Cash,2025-03-17 21:00
124,933,46,2025-01-18,84.33,Delivered,15 Main St,PayPal,2025-01-19 00:00
125,894,19,2025-02-23,134.52,Processing,4 Main St,Credit Card,2025-02-23 19:00
126,477,28,2025-02-07,115.33,Delivered,8 Main St,Debit Card,2025-02-08 17:00
127,349,80,2025-01-24,157.64,In Transit,29 Main St,PayPal,2025-01-24 21:00
128,413,29,2025-04-16,172.1,Processing,8 Main St,PayPal,2025-04-17 20:00
129,11,34,2025-03-31,143.9,Delivered,10 Main St,PayPal,2025-03-31 10:00
130,206,54,2025-01-02,44.65,Processing,19 Main St,PayPal,2025-01-03 08:00
131,389,41,2025-02-22,81.26,In Transit,13 Main St,Credit Card,2025-02-22 14:00
132,264,52,2025-01-20,110.61,In Transit,18 Main St,Credit Card,2025-01-21 03:00
133,305,27,2025-02-28,184.89,Delivered,7 Main St,Debit Card,2025-02-28 02:00
134,372,14,2025-03-03,82.68,Processing,2 Main St,Debit Card,2025-03-04 05:00
135,449,89,2025-04-24,197.76,Processing,32 Main St,Debit Card,2025-04-25 22:00
136,238,84,2025-02-08,25.18,Delivered,31 Main St,Debit Card,2025-02-08 09:00
137,502,87,2025-04-20,144.96,In Transit,32 Main St,PayPal,2025-04-20 09:00
138,621,57,2025-01-27,43.44,Delivered,20 Main St,Cash,2025-01-28 21:00
139,916,53,2025-04-08,161.13,Delivered,18 Main St,Credit Card,2025-04-09 07:00
140,640,26,2025-04-07,97.62,In Transit,7 Main St,Credit Card,2025-04-07 03:00
141,24,17,2025-04-12,138.76,Delivered,3 Main St,Cash,2025-04-12 08:00
142,985,53,2025-04-27,65.54,Delivered,18 Main St,PayPal,2025-04-28 19:00
143,861,5,2025-01-02,155.82,Delivered,5 Main St,Debit Card,2025-01-03 14:00
144,964,25,2025-04-26,56.0,Processing,7 Main St,Credit Card,2025-04-26 06:00
145,582,1,2025-01-19,172.26,Processing,1 Main St,PayPal,2025-01-19 23:00
146,87,2,2025-01-21,173.92,In Transit,2 Main St,Credit Card,2025-01-21 07:00
147,416,73,2025-04-15,124.06,Delivered,27 Main St,Debit Card,2025-04-16 22:00
148,323,5,2025-01-25,193.57,In Transit,5 Main St,Credit Card,2025-01-26 23:00
149,408,21,2025-01-13,186.36,Pending,5 Main St,PayPal,2025-01-14 21:00
150,74,86,2025-03-17,53.32,Delivered,31 Main St,Debit Card,2025-03-17 23:00
151,833,86,2025-02-18,96.34,In Transit,31 Main St,Cash,2025-02-18 08:00
152,602,53,2025-04-08,197.23,Delivered,18 Main St,Cash,2025-04-08 08:00
153,367,60,2025-03-08,44.46,Processing,21 Main St,PayPal,2025-03-09 12:00
154,432,2,2025-04-03,27.31,Processing,2 Main St,Cash,2025-04-03 08:00
155,544,94,2025-02-19,71.05,Processing,35 Main St,Cash,2025-02-19 15:00
156,214,91,2025-03-12,93.31,Pending,33 Main St,Debit Card,2025-03-12 05:00
157,374,8,2025-04-25,171.39,Pending,8 Main St,PayPal,2025-04-25 12:00
158,821,8,2025-01-02,199.77,Pending,8 Main St,Credit Card,2025-01-03 02:00
159,156,80,2025-02-26,114.08,Delivered,29 Main St,Credit Card,2025-02-26 10:00
160,792,65,2025-02-20,92.11,Delivered,23 Main St,Debit Card,2025-02-20 05:00
161,455,46,2025-02-16,195.54,Processing,15 Main St,Debit Card,2025-02-17 15:00
162,389,10,2025-04-19,198.32,Delivered,10 Main St,Debit Card,2025-04-20 04:00
163,99,61,2025-04-03,109.84,Processing,22 Main St,Cash,2025-04-03 23:00
164,178,90,2025-03-02,140.0,Pending,33 Main St,Cash,2025-03-03 09:00
165,536,67,2025-02-05,46.53,Pending,24 Main St,Credit Card,2025-02-05 08:00
166,717,82,2025-02-02,108.08,In Transit,30 Main St,Debit Card,2025-02-02 02:00
167,551,53,2025-01-13,152.8,Delivered,18 Main St,Cash,2025-01-14 20:00
168,680,90,2025-01-04,194.97,Pending,33 Main St,PayPal,2025-01-04 10:00
169,879,6,2025-02-08,131.95,Delivered,6 Main St,Credit Card,2025-02-09 19:00
170,644,11,2025-04-07,113.59,Pending,1 Main St,Cash,2025-04-07 13:00
171,828,73,2025-02-07,139.18,Pending,27 Main St,PayPal,2025-02-08 11:00
172,251,61,2025-02-13,165.71,Delivered,22 Main St,Credit Card,2025-02-14 04:00
173,346,69,2025-04-23,184.69,Pending,25 Main St,Cash,2025-04-23 21:00
174,624,36,2025-04-20,87.74,Pending,11 Main St,Credit Card,2025-04-20 03:00
175,463,94,2025-01-23,120.2,Processing,35 Main St,Debit Card,2025-01-24 08:00
176,194,67,2025-02-25,44.21,Pending,24 Main St,Cash,2025-02-25 08:00
177,448,53,2025-03-14,141.5,Pending,18 Main St,Cash,2025-03-15 12:00
178,795,82,2025-04-20,48.14,Delivered,30 Main St,Cash,2025-04-20 17:00
179,244,42,2025-03-05,126.39,Pending,13 Main St,PayPal,2025-03-05 19:00
180,480,88,2025-02-11,31.06,Delivered,32 Main St,Debit Card,2025-02-12 00:00
181,109,52,2025-02-14,165.72,Delivered,18 Main St,PayPal,2025-02-15 01:00
182,401,86,2025-01-13,97.07,Processing,31 Main St,Cash,2025-01-13 23:00
183,252,28,2025-01-08,139.02,In Transit,8 Main St,Debit Card,2025-01-09 18:00
184,104,59,2025-02-09,126.66,Delivered,21 Main St,PayPal,2025-02-09 08:00
185,126,36,2025-02-13,50.56,Processing,11 Main St,Credit Card,2025-02-14 06:00
186,468,90,2025-03-26,175.41,Pending,33 Main St,PayPal,2025-03-26 02:00
187,186,77,2025-03-31,104.55,Delivered,28 Main St,PayPal,2025-04-01 01:00
188,874,5,2025-03-15,90.25,Delivered,5 Main St,Cash,2025-03-15 07:00
189,750,59,2025-03-30,141.52,Processing,21 Main St,Cash,2025-03-31 09:00
190,912,55,2025-04-14,157.68,Processing,19 Main St,Debit Card,2025-04-15 16:00
191,591,51,2025-02-08,85.4,Pending,17 Main St,Debit Card,2025-02-09 08:00
192,630,79,2025-03-23,172.52,Delivered,29 Main St,Debit Card,2025-03-23 19:00
193,912,92,2025-02-03,28.56,Pending,34 Main St,Debit Card,2025-02-04 16:00
194,365,26,2025-04-06,192.43,Delivered,7 Main St,PayPal,2025-04-06 18:00
195,771,47,2025-01-09,121.96,Pending,15 Main St,Cash,2025-01-09 14:00
196,686,29,2025-02-14,163.22,Processing,8 Main St,PayPal,2025-02-15 04:00
197,136,73,2025-03-26,117.19,In Transit,27 Main St,Cash,2025-03-27 02:00
198,625,37,2025-02-02,132.49,Pending,11 Main St,Debit Card,2025-02-02 02:00
199,344,12,2025-03-22,146.6,In Transit,1 Main St,Cash,2025-03-22 14:00
200,317,21,2025-03-26,193.18,Pending,5 Main St,PayPal,2025-03-27 17:00
201,444,2,2025-03-10,165.61,Pending,2 Main St,Credit Card,2025-03-11 10:00
202,809,59,2025-01-26,85.57,In Transit,21 Main St,Debit Card,2025-01-26 10:00
203,954,44,2025-04-06,143.36,Processing,14 Main St,Cash,2025-04-07 03:00
204,158,87,2025-02-10,174.83,Delivered,32 Main St,Debit Card,2025-02-11 03:00
205,684,41,2025-02-04,168.27,In Transit,13 Main St,PayPal,2025-02-05 20:00
206,51,45,2025-03-18,62.5,In Transit,14 Main St,Credit Card,2025-03-18 10:00
207,629,57,2025-01-25,24.99,Processing,20 Main St,Cash,2025-01-26 08:00
208,916,41,2025-03-13,198.43,Pending,13 Main St,Credit Card,2025-03-13 13:00
209,117,29,2025-01-21,69.09,Delivered,8 Main St,PayPal,2025-01-21 18:00
210,681,64,2025-03-26,119.13,Delivered,23 Main St,Cash,2025-03-26 02:00
211,545,15,2025-01-08,174.73,Delivered,2 Main St,PayPal,2025-01-09 15:00
212,589,50,2025-02-08,176.09,Pending,17 Main St,PayPal,2025-02-09 19:00
213,389,36,2025-03-26,179.43,Pending,11 Main St,Debit Card,2025-03-26 16:00
214,266,10,2025-01-15,122.78,Delivered,10 Main St,PayPal,2025-01-16 08:00
215,216,22,2025-04-24,36.24,Delivered,5 Main St,PayPal,2025-04-24 22:00
216,195,40,2025-04-17,125.18,Pending,12 Main St,Debit Card,2025-04-18 04:00
217,332,34,2025-01-28,45.97,In Transit,10 Main St,Debit Card,2025-01-28 18:00
218,947,26,2025-02-26,93.51,Delivered,7 Main St,Cash,2025-02-27 11:00
219,947,85,2025-02-17,145.93,Delivered,31 Main St,PayPal,2025-02-18 11:00
220,853,82,2025-02-24,105.47,In Transit,30 Main St,PayPal,2025-02-24 10:00
221,354,80,2025-02-16,105.54,Processing,29 Main St,PayPal,2025-02-16 02:00
222,96,90,2025-03-24,194.02,Delivered,33 Main St,Credit Card,2025-03-25 21:00
223,398,60,2025-04-28,161.98,In Transit,21 Main St,PayPal,2025-04-29 12:00
224,21,48,2025-02-19,75.67,Processing,16 Main St,Credit Card,2025-02-20 11:00
225,378,29,2025-04-21,62.55,Pending,8 Main St,Cash,2025-04-21 01:00
226,227,40,2025-04-27,192.93,Processing,12 Main St,PayPal,2025-04-27 06:00
227,563,33,2025-04-30,168.09,In Transit,10 Main St,PayPal,2025-04-30 14:00
228,615,51,2025-04-21,180.24,Pending,17 Main St,PayPal,2025-04-22 18:00
229,525,85,2025-02-22,162.08,Processing,31 Main St,Credit Card,2025-02-23 08:00
230,489,47,2025-03-02,152.65,Processing,15 Main St,Cash,2025-03-02 07:00
231,836,79,2025-04-16,48.86,Processing,29 Main St,Credit Card,2025-04-16 23:00
232,128,48,2025-02-23,128.38,Processing,16 Main St,Cash,2025-02-24 21:00
233,530,61,2025-01-04,157.16,In Transit,22 Main St,Cash,2025-01-05 18:00
234,293,33,2025-01-18,20.55,In Transit,10 Main St,PayPal,2025-01-18 21:00
235,264,14,2025-03-15,34.8,In Transit,2 Main St,Debit Card,2025-03-16 10:00
236,226,19,2025-04-02,194.54,In Transit,4 Main St,Cash,2025-04-02 21:00
237,225,13,2025-02-27,106.11,In Transit,2 Main St,PayPal,2025-02-27 12:00
238,560,84,2025-03-29,126.74,Processing,31 Main St,PayPal,2025-03-29 13:00
239,125,70,2025-01-11,94.61,In Transit,26 Main St,Cash,2025-01-12 01:00
240,885,83,2025-05-01,170.24,In Transit,30 Main St,Credit Card,2025-05-01 02:00
241,915,85,2025-04-29,120.54,In Transit,31 Main St,Credit Card,2025-04-30 06:00
242,802,78,2025-01-26,67.12,In Transit,28 Main St,Credit Card,2025-01-27 02:00
243,779,95,2025-03-21,97.2,Processing,35 Main St,Debit Card,2025-03-21 06:00
244,838,77,2025-02-17,50.62,Delivered,28 Main St,Credit Card,2025-02-18 22:00
245,70,9,2025-03-09,98.33,Pending,9 Main St,Cash,2025-03-09 08:00
246,726,59,2025-01-29,148.44,In Transit,21 Main St,PayPal,2025-01-29 19:00
247,598,8,2025-04-06,108.95,In Transit,8 Main St,Cash,2025-04-06 14:00
248,897,60,2025-03-18,58.8,Processing,21 Main St,Debit Card,2025-03-19 03:00
249,653,26,2025-01-24,93.53,In Transit,7 Main St,Credit Card,2025-01-24 19:00
250,282,70,2025-02-03,62.39,Pending,26 Main St,Debit Card,2025-02-04 00:00
251,460,82,2025-03-16,143.17,Pending,30 Main St,Credit Card,2025-03-16 01:00
252,494,52,2025-03-02,43.98,Processing,18 Main St,Cash,2025-03-03 20:00
253,473,84,2025-01-28,148.4,Pending,31 Main St,PayPal,2025-01-28 05:00
254,261,19,2025-01-13,120.26,Delivered,4 Main St,PayPal,2025-01-13 16:00
255,437,57,2025-03-02,183.48,Delivered,20 Main St,Credit Card,2025-03-02 17:00
256,699,41,2025-03-06,131.54,Processing,13 Main St,Cash,2025-03-07 19:00
257,518,59,2025-02-17,43.8,Delivered,21 Main St,Debit Card,2025-02-17 17:00
258,147,29,2025-01-22,110.67,Processing,8 Main St,Cash,2025-01-22 09:00
259,839,70,2025-01-12,77.12,Pending,26 Main St,Debit Card,2025-01-12 17:00
260,166,94,2025-01-15,76.39,In Transit,35 Main St,Cash,2025-01-15 18:00
261,757,38,2025-04-06,84.91,Pending,12 Main St,PayPal,2025-04-06 17:00
262,829,79,2025-03-20,169.33,Processing,29 Main St,PayPal,2025-03-21 04:00
263,175,67,2025-04-25,49.7,Pending,24 Main St,Debit Card,2025-04-26 12:00
264,327,79,2025-04-20,186.11,Pending,29 Main St,Credit Card,2025-04-20 13:00
265,267,69,2025-01-20,29.82,In Transit,25 Main St,Credit Card,2025-01-21 07:00
266,350,53,2025-02-03,49.44,Pending,18 Main St,Cash,2025-02-03 08:00
267,757,65,2025-04-25,186.9,Delivered,23 Main St,Cash,2025-04-25 23:00
268,820,73,2025-04-01,120.95,Pending,27 Main St,Cash,2025-04-01 08:00
269,722,95,2025-04-19,149.56,In Transit,35 Main St,Credit Card,2025-04-19 23:00
270,723,73,2025-01-12,56.67,Processing,27 Main St,Debit Card,2025-01-12 11:00
271,348,47,2025-04-06,111.57,Processing,15 Main St,Debit Card,2025-04-07 14:00
272,299,33,2025-01-01,114.68,In Transit,10 Main St,Cash,2025-01-01 05:00
273,86,81,2025-02-01,158.29,Delivered,30 Main St,PayPal,2025-02-01 02:00
274,127,28,2025-02-06,142.64,Delivered,8 Main St,Cash,2025-02-07 00:00
275,894,61,2025-03-17,187.25,Delivered,22 Main St,PayPal,2025-03-17 10:00
276,355,51,2025-01-04,34.59,Pending,17 Main St,Cash,2025-01-05 17:00
277,370,67,2025-02-04,126.96,Delivered,24 Main St,PayPal,2025-02-04 03:00
278,345,80,2025-03-25,132.03,Pending,29 Main St,PayPal,2025-03-26 23:00
279,235,59,2025-04-04,183.24,In Transit,21 Main St,Debit Card,2025-04-04 04:00
280,348,54,2025-04-13,135.86,Processing,19 Main St,Credit Card,2025-04-15 00:00
281,258,28,2025-01-10,118.49,Pending,8 Main St,Credit Card,2025-01-11 02:00
282,17,38,2025-02-02,52.04,Pending,12 Main St,Credit Card,2025-02-02 02:00
283,44,74,2025-04-20,57.48,Pending,27 Main St,Cash,2025-04-20 19:00
284,262,78,2025-03-24,155.46,In Transit,28 Main St,Credit Card,2025-03-24 20:00
285,279,50,2025-03-04,164.2,Processing,17 Main St,Debit Card,2025-03-04 23:00
286,967,1,2025-03-27,37.3,Processing,1 Main St,Debit Card,2025-03-28 08:00
287,520,58,2025-02-27,179.37,Pending,20 Main St,PayPal,2025-02-28 13:00
288,838,8,2025-03-18,96.15,Pending,8 Main St,PayPal,2025-03-19 16:00
289,456,12,2025-01-24,98.14,Pending,1 Main St,Credit Card,2025-01-24 03:00
290,147,56,2025-03-07,81.51,Pending,19 Main St,Debit Card,2025-03-08 18:00
291,787,47,2025-03-29,148.45,Pending,15 Main St,Credit Card,2025-03-29 19:00
292,713,94,2025-03-01,98.72,Pending,35 Main St,PayPal,2025-03-01 10:00
293,871,49,2025-01-17,143.18,Processing,16 Main St,Debit Card,2025-01-18 10:00
294,248,38,2025-02-24,73.19,Delivered,12 Main St,Credit Card,2025-02-24 03:00
295,40,65,2025-03-07,39.37,Pending,23 Main St,Cash,2025-03-07 07:00
296,641,28,2025-03-01,138.95,Processing,8 Main St,PayPal,2025-03-01 17:00
297,732,75,2025-03-16,34.72,Delivered,27 Main St,Credit Card,2025-03-18 00:00
298,837,48,2025-03-26,103.32,In Transit,16 Main St,Cash,2025-03-26 03:00
299,535,36,2025-01-11,94.93,Processing,11 Main St,PayPal,2025-01-12 14:00
300,436,32,2025-04-03,101.9,Pending,10 Main St,PayPal,2025-04-03 22:00
301,383,47,2025-04-28,176.84,In Transit,15 Main St,Debit Card,2025-04-28 12:00
302,142,1,2025-01-11,154.47,Processing,1 Main St,Credit Card,2025-01-12 04:00
303,942,85,2025-03-10,23.22,Pending,31 Main St,Credit Card,2025-03-10 01:00
304,898,35,2025-01-22,138.04,Pending,11 Main St,Cash,2025-01-23 19:00
305,114,95,2025-04-06,128.34,Pending,35 Main St,PayPal,2025-04-07 16:00
306,255,79,2025-04-15,195.31,Processing,29 Main St,Cash,2025-04-15 20:00
307,373,25,2025-01-12,42.52,Delivered,7 Main St,Debit Card,2025-01-12 08:00
308,374,85,2025-04-15,22.86,In Transit,31 Main St,Credit Card,2025-04-15 14:00
309,275,64,2025-03-03,136.75,In Transit,23 Main St,Cash,2025-03-04 17:00
310,676,6,2025-04-20,162.2,In Transit,6 Main St,Credit Card,2025-04-20 20:00
311,509,5,2025-04-09,103.42,Pending,5 Main St,Cash,2025-04-09 02:00
312,832,38,2025-01-15,49.9,In Transit,12 Main St,Cash,2025-01-16 08:00
313,79,47,2025-03-02,23.53,Pending,15 Main St,Debit Card,2025-03-02 13:00
314,451,8,2025-02-07,122.5,Pending,8 Main St,Credit Card,2025-02-07 22:00
315,666,93,2025-01-02,38.48,Pending,34 Main St,Cash,2025-01-03 08:00
316,313,36,2025-04-05,124.16,Processing,11 Main St,Credit Card,2025-04-06 08:00
317,226,55,2025-02-21,107.5,Pending,19 Main St,Debit Card,2025-02-22 22:00
318,575,31,2025-01-08,115.1,Pending,9 Main St,PayPal,2025-01-09 12:00
319,744,58,2025-01-09,68.21,Pending,20 Main St,Cash,2025-01-09 08:00
320,101,30,2025-03-05,132.09,Processing,9 Main St,Cash,2025-03-06 21:00
321,294,22,2025-02-25,23.75,Processing,5 Main St,Debit Card,2025-02-26 07:00
322,835,48,2025-02-14,98.86,In Transit,16 Main St,PayPal,2025-02-15 15:00
323,708,60,2025-04-20,171.64,Pending,21 Main St,Debit Card,2025-04-20 19:00
324,815,79,2025-04-03,148.05,Pending,29 Main St,PayPal,2025-04-04 07:00
325,172,11,2025-04-13,194.77,In Transit,1 Main St,Debit Card,2025-04-13 19:00
326,157,41,2025-03-30,154.87,Pending,13 Main St,Debit Card,2025-03-30 12:00
327,881,71,2025-01-26,48.14,Pending,26 Main St,Credit Card,2025-01-27 03:00
328,475,39,2025-05-01,198.88,Processing,12 Main St,Debit Card,2025-05-01 14:00
329,604,41,2025-03-13,28.47,Delivered,13 Main St,PayPal,2025-03-13 17:00
330,479,78,2025-02-15,141.85,In Transit,28 Main St,Credit Card,2025-02-15 05:00
331,321,5,2025-02-13,97.51,In Transit,5 Main St,Credit Card,2025-02-14 12:00
332,697,73,2025-01-29,107.55,Processing,27 Main St,PayPal,2025-01-29 03:00
333,14,39,2025-04-09,177.99,Processing,12 Main St,Debit Card,2025-04-10 21:00
334,661,47,2025-04-22,112.77,Delivered,15 Main St,Credit Card,2025-04-23 05:00
335,658,50,2025-04-13,102.28,Delivered,17 Main St,Credit Card,2025-04-14 16:00
336,2,3,2025-03-20,160.79,Delivered,3 Main St,Credit Card,2025-03-21 09:00
337,317,25,2025-01-14,50.07,Delivered,7 Main St,Debit Card,2025-01-15 00:00
338,729,66,2025-01-21,151.1,Pending,24 Main St,Cash,2025-01-22 23:00
339,559,72,2025-04-22,37.87,Processing,26 Main St,PayPal,2025-04-22 09:00
340,255,87,2025-01-16,172.75,Pending,32 Main St,Cash,2025-01-16 01:00
341,826,19,2025-02-01,170.27,Pending,4 Main St,PayPal,2025-02-01 19:00
342,618,81,2025-03-06,50.83,Processing,30 Main St,PayPal,2025-03-07 22:00
343,328,6,2025-04-07,94.7,In Transit,6 Main St,Debit Card,2025-04-08 10:00
344,406,57,2025-02-23,161.7,In Transit,20 Main St,Cash,2025-02-24 03:00
345,387,39,2025-04-28,93.68,Pending,12 Main St,PayPal,2025-04-28 02:00
346,503,49,2025-02-26,46.21,Delivered,16 Main St,Credit Card,2025-02-26 06:00
347,301,50,2025-02-13,76.66,In Transit,17 Main St,Cash,2025-02-13 04:00
348,735,18,2025-02-20,156.65,In Transit,4 Main St,Credit Card,2025-02-21 17:00
349,326,85,2025-04-02,163.83,Processing,31 Main St,Cash,2025-04-03 02:00
350,155,85,2025-04-24,142.56,Processing,31 Main St,PayPal,2025-04-24 23:00
351,780,52,2025-01-02,168.86,In Transit,18 Main St,Cash,2025-01-03 05:00
352,317,12,2025-03-24,56.92,Pending,1 Main St,PayPal,2025-03-25 18:00
353,433,54,2025-02-21,159.57,Processing,19 Main St,Credit Card,2025-02-21 03:00
354,727,26,2025-03-10,80.21,In Transit,7 Main St,PayPal,2025-03-10 14:00
355,413,1,2025-01-12,112.1,Processing,1 Main St,PayPal,2025-01-13 17:00
356,722,34,2025-01-21,24.22,Processing,10 Main St,Debit Card,2025-01-21 20:00
357,903,43,2025-04-03,96.09,Delivered,13 Main St,Credit Card,2025-04-04 00:00
358,842,75,2025-02-03,132.86,Processing,27 Main St,Credit Card,2025-02-03 04:00
359,14,91,2025-04-07,137.17,Delivered,33 Main St,Cash,2025-04-07 20:00
360,55,19,2025-03-15,152.63,Pending,4 Main St,PayPal,2025-03-15 16:00
361,746,38,2025-04-14,154.24,In Transit,12 Main St,PayPal,2025-04-14 20:00
362,511,54,2025-02-06,140.05,In Transit,19 Main St,Cash,2025-02-07 10:00
363,437,72,2025-04-05,64.57,Processing,26 Main St,Debit Card,2025-04-06 00:00
364,418,25,2025-02-28,37.64,Pending,7 Main St,Cash,2025-02-28 06:00
365,173,8,2025-01-12,31.19,In Transit,8 Main St,Cash,2025-01-12 14:00
366,217,6,2025-02-27,34.05,Pending,6 Main St,Cash,2025-02-27 17:00
367,572,59,2025-03-16,109.79,Pending,21 Main St,Cash,2025-03-17 21:00
368,639,14,2025-04-30,190.61,Pending,2 Main St,Debit Card,2025-04-30 10:00
369,528,33,2025-03-06,42.88,Pending,10 Main St,Debit Card,2025-03-07 22:00
370,318,53,2025-03-07,175.39,Delivered,18 Main St,Debit Card,2025-03-08 06:00
371,60,28,2025-03-02,25.87,In Transit,8 Main St,PayPal,2025-03-02 08:00
372,547,55,2025-03-19,173.42,Delivered,19 Main St,Credit Card,2025-03-20 00:00
373,616,54,2025-03-15,72.13,In Transit,19 Main St,Credit Card,2025-03-16 00:00
374,873,18,2025-02-09,198.38,Processing,4 Main St,PayPal,2025-02-10 08:00
375,194,45,2025-01-04,162.42,In Transit,14 Main St,Cash,2025-01-04 04:00
376,303,50,2025-04-30,180.97,Processing,17 Main St,Debit Card,2025-04-30 12:00
377,816,13,2025-04-15,153.14,Delivered,2 Main St,Credit Card,2025-04-16 12:00
378,750,46,2025-02-14,32.16,Delivered,15 Main St,Cash,2025-02-15 07:00
379,85,4,2025-03-15,75.75,Pending,4 Main St,PayPal,2025-03-16 01:00
380,213,13,2025-03-02,170.2,In Transit,2 Main St,Debit Card,2025-03-03 09:00
381,966,93,2025-03-23,102.97,Pending,34 Main St,Cash,2025-03-23 10:00
382,316,65,2025-04-21,151.02,Delivered,23 Main St,Cash,2025-04-22 01:00
383,592,76,2025-01-30,182.04,Processing,28 Main St,Credit Card,2025-01-31 19:00
384,28,52,2025-04-24,99.76,Processing,18 Main St,Credit Card,2025-04-24 11:00
385,814,75,2025-04-01,24.46,Processing,27 Main St,Credit Card,2025-04-02 18:00
386,221,61,2025-03-13,35.33,Delivered,22 Main St,Debit Card,2025-03-14 07:00
387,25,45,2025-03-06,181.44,Delivered,14 Main St,Debit Card,2025-03-06 02:00
388,959,30,2025-02-05,161.62,In Transit,9 Main St,Cash,2025-02-05 06:00
389,287,73,2025-04-14,116.04,Processing,27 Main St,Cash,2025-04-15 14:00
390,83,95,2025-01-06,108.47,Delivered,35 Main St,PayPal,2025-01-07 04:00
391,732,88,2025-01-24,94.69,Processing,32 Main St,Cash,2025-01-24 17:00
392,340,49,2025-01-12,40.64,Delivered,16 Main St,Debit Card,2025-01-12 19:00
393,322,86,2025-01-19,52.88,Delivered,31 Main St,Debit Card,2025-01-19 20:00
394,893,26,2025-02-22,142.15,Delivered,7 Main St,PayPal,2025-02-22 12:00
395,864,63,2025-01-04,148.39,Processing,23 Main St,Cash,2025-01-04 07:00
396,392,57,2025-02-10,45.64,Processing,20 Main St,PayPal,2025-02-11 01:00
397,182,23,2025-05-01,168.99,Delivered,6 Main St,Credit Card,2025-05-01 13:00
398,730,71,2025-01-31,155.38,In Transit,26 Main St,Cash,2025-02-01 09:00
399,888,81,2025-04-07,110.8,Delivered,30 Main St,PayPal,2025-04-07 04:00
400,581,30,2025-02-10,103.67,Pending,9 Main St,Credit Card,2025-02-11 07:00
401,497,43,2025-01-04,93.35,In Transit,13 Main St,Credit Card,2025-01-04 18:00
402,982,41,2025-03-12,193.43,Delivered,13 Main St,Debit Card,2025-03-13 12:00
403,378,93,2025-03-25,161.34,Processing,34 Main St,Cash,2025-03-26 05:00
404,259,92,2025-01-11,172.33,In Transit,34 Main St,Debit Card,2025-01-12 00:00
405,687,7,2025-03-11,197.36,In Transit,7 Main St,Cash,2025-03-12 12:00
406,926,60,2025-02-27,27.52,Pending,21 Main St,PayPal,2025-02-28 18:00
407,681,82,2025-01-22,20.1,Pending,30 Main St,PayPal,2025-01-23 15:00
408,418,86,2025-02-02,171.11,Pending,31 Main St,PayPal,2025-02-03 17:00
409,591,45,2025-01-28,125.33,Processing,14 Main St,Credit Card,2025-01-28 11:00
410,669,74,2025-04-05,116.14,Delivered,27 Main St,PayPal,2025-04-05 06:00
411,87,79,2025-02-20,145.72,In Transit,29 Main St,PayPal,2025-02-21 04:00
412,862,67,2025-01-27,129.88,Processing,24 Main St,PayPal,2025-01-28 17:00
413,105,89,2025-02-03,196.34,Pending,32 Main St,PayPal,2025-02-03 16:00
414,282,75,2025-03-26,196.94,Processing,27 Main St,Debit Card,2025-03-27 06:00
415,248,13,2025-03-18,79.12,In Transit,2 Main St,Credit Card,2025-03-19 15:00
416,259,27,2025-03-02,20.77,Delivered,7 Main St,Debit Card,2025-03-03 03:00
417,632,33,2025-03-13,181.15,Pending,10 Main St,Cash,2025-03-14 11:00
418,813,21,2025-01-11,161.71,Delivered,5 Main St,Credit Card,2025-01-12 19:00
419,2,84,2025-02-26,141.0,Processing,31 Main St,Cash,2025-02-27 15:00
420,832,66,2025-02-15,89.62,Delivered,24 Main St,Credit Card,2025-02-16 06:00
421,255,79,2025-02-17,188.52,Pending,29 Main St,Credit Card,2025-02-17 15:00
422,130,2,2025-04-06,23.56,Processing,2 Main St,PayPal,2025-04-06 13:00
423,1000,25,2025-01-12,166.93,Processing,7 Main St,Debit Card,2025-01-12 15:00
424,292,9,2025-03-05,194.11,Delivered,9 Main St,PayPal,2025-03-06 08:00
425,723,52,2025-04-26,146.73,In Transit,18 Main St,Credit Card,2025-04-26 13:00
426,83,4,2025-04-16,134.92,Delivered,4 Main St,PayPal,2025-04-17 13:00
427,630,93,2025-03-06,108.92,In Transit,34 Main St,Debit Card,2025-03-06 05:00
428,85,30,2025-03-17,43.08,Delivered,9 Main St,Debit Card,2025-03-17 17:00
429,436,83,2025-04-30,122.58,In Transit,30 Main St,PayPal,2025-04-30 13:00
430,270,38,2025-04-19,142.04,Processing,12 Main St,Cash,2025-04-19 01:00
431,104,71,2025-05-01,96.88,Delivered,26 Main St,PayPal,2025-05-02 04:00
432,178,3,2025-04-19,199.12,Processing,3 Main St,Credit Card,2025-04-20 20:00
433,630,76,2025-03-08,103.99,Processing,28 Main St,Credit Card,2025-03-09 23:00
434,264,9,2025-01-29,28.45,Pending,9 Main St,Cash,2025-01-29 21:00
435,864,77,2025-01-01,90.53,Processing,28 Main St,Credit Card,2025-01-02 13:00
436,274,16,2025-04-14,24.57,In Transit,3 Main St,Cash,2025-04-14 05:00
437,960,12,2025-04-28,65.0,In Transit,1 Main St,PayPal,2025-04-28 20:00
438,531,27,2025-01-09,132.68,Delivered,7 Main St,Credit Card,2025-01-10 07:00
439,242,90,2025-02-25,165.45,Processing,33 Main St,PayPal,2025-02-25 16:00
440,201,42,2025-01-14,105.24,Processing,13 Main St,Credit Card,2025-01-14 22:00
441,812,42,2025-03-08,162.94,Delivered,13 Main St,Cash,2025-03-08 07:00
442,406,9,2025-03-22,100.36,Delivered,9 Main St,Credit Card,2025-03-22 04:00
443,720,49,2025-04-28,26.0,Processing,16 Main St,Credit Card,2025-04-28 09:00
444,253,75,2025-01-08,185.44,Pending,27 Main St,Credit Card,2025-01-08 20:00
445,420,10,2025-03-20,132.71,Delivered,10 Main St,Credit Card,2025-03-21 20:00
446,26,63,2025-01-08,120.67,Processing,23 Main St,Cash,2025-01-09 02:00
447,827,2,2025-01-13,131.11,Pending,2 Main St,Debit Card,2025-01-14 15:00
448,929,4,2025-04-11,138.75,Delivered,4 Main St,Cash,2025-04-12 01:00
449,249,49,2025-03-01,163.13,Delivered,16 Main St,PayPal,2025-03-02 18:00
450,496,44,2025-05-01,141.64,Delivered,14 Main St,Cash,2025-05-02 10:00
451,18,32,2025-02-12,125.81,Delivered,10 Main St,Credit Card,2025-02-12 01:00
452,804,83,2025-03-18,148.39,In Transit,30 Main St,Debit Card,2025-03-19 17:00
453,859,66,2025-03-07,66.13,Pending,24 Main St,Cash,2025-03-08 23:00
454,788,77,2025-03-21,100.03,In Transit,28 Main St,Debit Card,2025-03-21 03:00
455,163,32,2025-01-08,42.98,Pending,10 Main St,PayPal,2025-01-08 20:00
456,111,42,2025-03-16,179.34,In Transit,13 Main St,Debit Card,2025-03-17 07:00
457,331,6,2025-02-09,128.6,Processing,6 Main St,PayPal,2025-02-09 01:00
458,708,29,2025-03-08,125.56,In Transit,8 Main St,Credit Card,2025-03-08 16:00
459,479,32,2025-03-06,167.45,Delivered,10 Main St,Cash,2025-03-06 23:00
460,364,1,2025-01-26,195.77,In Transit,1 Main St,Credit Card,2025-01-26 22:00
461,440,41,2025-01-25,140.21,Pending,13 Main St,PayPal,2025-01-26 14:00
462,278,42,2025-03-14,193.35,Processing,13 Main St,Cash,2025-03-14 22:00
463,458,24,2025-01-21,38.87,Delivered,6 Main St,Cash,2025-01-21 15:00
464,574,83,2025-04-28,20.67,In Transit,30 Main St,Debit Card,2025-04-29 06:00
465,816,11,2025-03-21,58.36,Pending,1 Main St,PayPal,2025-03-23 00:00
466,237,50,2025-02-18,56.96,In Transit,17 Main St,Credit Card,2025-02-19 00:00
467,97,25,2025-01-02,33.27,Delivered,7 Main St,Credit Card,2025-01-02 10:00
468,466,42,2025-02-07,99.27,Processing,13 Main St,Credit Card,2025-02-07 02:00
469,746,19,2025-01-26,55.61,In Transit,4 Main St,Debit Card,2025-01-26 17:00
470,160,4,2025-04-03,51.37,In Transit,4 Main St,Debit Card,2025-04-03 13:00
471,83,80,2025-01-03,51.69,Processing,29 Main St,Credit Card,2025-01-03 02:00
472,405,3,2025-04-17,141.94,Pending,3 Main St,Credit Card,2025-04-17 22:00
473,725,49,2025-04-30,57.84,Pending,16 Main St,Debit Card,2025-05-01 00:00
474,859,53,2025-04-14,87.02,In Transit,18 Main St,Cash,2025-04-15 22:00
475,822,20,2025-01-09,41.33,In Transit,5 Main St,Debit Card,2025-01-09 13:00
476,198,75,2025-03-10,88.08,Processing,27 Main St,PayPal,2025-03-11 15:00
477,310,50,2025-02-24,195.86,In Transit,17 Main St,Credit Card,2025-02-25 16:00
478,347,22,2025-03-17,54.04,Processing,5 Main St,Debit Card,2025-03-17 21:00
479,200,74,2025-02-01,29.59,Processing,27 Main St,Debit Card,2025-02-02 09:00
480,389,21,2025-03-16,179.45,In Transit,5 Main St,Credit Card,2025-03-17 07:00
481,949,82,2025-04-12,139.43,Delivered,30 Main St,Debit Card,2025-04-13 09:00
482,599,72,2025-02-19,155.24,Processing,26 Main St,Cash,2025-02-20 10:00
483,858,4,2025-03-01,52.22,Processing,4 Main St,Cash,2025-03-02 22:00
484,837,26,2025-03-05,105.28,Pending,7 Main St,Credit Card,2025-03-05 14:00
485,924,12,2025-01-29,181.08,Pending,1 Main St,Debit Card,2025-01-30 02:00
486,258,47,2025-01-28,75.08,Pending,15 Main St,Debit Card,2025-01-29 00:00
487,217,13,2025-02-02,119.1,In Transit,2 Main St,Credit Card,2025-02-02 19:00
488,908,21,2025-02-26,113.39,In Transit,5 Main St,Credit Card,2025-02-27 06:00
489,745,17,2025-03-07,131.8,Pending,3 Main St,Cash,2025-03-08 06:00
490,870,36,2025-02-25,93.61,Pending,11 Main St,PayPal,2025-02-25 18:00
491,592,31,2025-02-18,24.45,Pending,9 Main St,Debit Card,2025-02-18 17:00
492,230,15,2025-03-24,33.66,Delivered,2 Main St,PayPal,2025-03-25 09:00
493,419,87,2025-03-07,118.4,Delivered,32 Main St,PayPal,2025-03-07 15:00
494,841,81,2025-01-13,41.35,Processing,30 Main St,Credit Card,2025-01-14 11:00
495,701,85,2025-01-26,80.08,Processing,31 Main St,PayPal,2025-01-26 20:00
496,488,92,2025-04-06,166.8,Processing,34 Main St,Debit Card,2025-04-07 22:00
497,603,33,2025-03-19,199.64,Processing,10 Main St,Credit Card,2025-03-19 20:00
498,794,4,2025-02-06,168.02,Pending,4 Main St,Cash,2025-02-07 14:00
499,120,39,2025-04-07,137.96,Pending,12 Main St,Debit Card,2025-04-08 02:00
500,989,83,2025-01-30,60.85,In Transit,30 Main St,Cash,2025-01-30 15:00
501,759,9,2025-03-08,125.66,Pending,9 Main St,Cash,2025-03-08 22:00
502,241,4,2025-04-12,35.46,In Transit,4 Main St,Cash,2025-04-13 21:00
503,970,73,2025-02-23,57.73,Pending,27 Main St,Credit Card,2025-02-24 00:00
504,667,91,2025-01-18,123.95,In Transit,33 Main St,PayPal,2025-01-20 00:00
505,35,83,2025-01-02,109.96,Processing,30 Main St,PayPal,2025-01-02 15:00
506,853,17,2025-02-23,96.63,Pending,3 Main St,PayPal,2025-02-23 21:00
507,274,39,2025-03-17,24.18,Delivered,12 Main St,Debit Card,2025-03-17 10:00
508,912,11,2025-02-12,122.27,Pending,1 Main St,Cash,2025-02-12 14:00
509,587,22,2025-02-20,31.47,Pending,5 Main St,Debit Card,2025-02-21 07:00
510,169,37,2025-01-14,79.19,Pending,11 Main St,PayPal,2025-01-14 06:00
511,371,89,2025-01-22,38.78,In Transit,32 Main St,Credit Card,2025-01-23 21:00
512,495,73,2025-03-19,107.95,In Transit,27 Main St,Debit Card,2025-03-19 05:00
513,335,47,2025-04-27,193.34,Processing,15 Main St,Debit Card,2025-04-27 15:00
514,868,50,2025-02-07,138.72,Delivered,17 Main St,Cash,2025-02-07 04:00
515,41,24,2025-02-17,113.34,In Transit,6 Main St,PayPal,2025-02-18 03:00
516,451,40,2025-02-20,48.27,Delivered,12 Main St,Debit Card,2025-02-21 11:00
517,240,87,2025-02-23,106.09,Delivered,32 Main St,Cash,2025-02-23 14:00
518,848,88,2025-01-17,176.68,Processing,32 Main St,Cash,2025-01-18 22:00
519,343,79,2025-03-27,105.46,Processing,29 Main St,Debit Card,2025-03-28 09:00
520,867,16,2025-04-02,143.27,Processing,3 Main St,Debit Card,2025-04-02 01:00
521,699,26,2025-01-19,100.23,Pending,7 Main St,Debit Card,2025-01-20 10:00
522,701,31,2025-02-12,183.85,Pending,9 Main St,Cash,2025-02-13 06:00
523,915,67,2025-03-15,27.04,Delivered,24 Main St,PayPal,2025-03-16 18:00
524,169,7,2025-04-23,185.4,Processing,7 Main St,PayPal,2025-04-24 02:00
525,94,31,2025-03-20,168.22,In Transit,9 Main St,Cash,2025-03-20 16:00
526,493,86,2025-01-23,181.99,Pending,31 Main St,Cash,2025-01-24 01:00
527,193,10,2025-04-27,138.63,Delivered,10 Main St,Cash,2025-04-28 21:00
528,765,29,2025-01-06,63.15,In Transit,8 Main St,PayPal,2025-01-07 17:00
529,115,45,2025-03-10,72.54,Delivered,14 Main St,Debit Card,2025-03-11 08:00
530,412,37,2025-02-22,198.63,Delivered,11 Main St,PayPal,2025-02-22 05:00
531,566,36,2025-04-07,38.94,Processing,11 Main St,Cash,2025-04-08 05:00
532,723,7,2025-01-22,65.5,Delivered,7 Main St,Cash,2025-01-22 02:00
533,428,73,2025-01-10,135.0,Pending,27 Main St,Cash,2025-01-10 22:00
534,174,56,2025-04-06,91.88,In Transit,19 Main St,Cash,2025-04-06 03:00
535,100,27,2025-01-02,65.11,In Transit,7 Main St,PayPal,2025-01-03 19:00
536,21,27,2025-04-06,103.56,Pending,7 Main St,Credit Card,2025-04-06 06:00
537,605,32,2025-03-12,138.26,Pending,10 Main St,Debit Card,2025-03-13 07:00
538,401,36,2025-04-16,70.25,In Transit,11 Main St,Debit Card,2025-04-16 02:00
539,825,3,2025-03-19,38.09,Processing,3 Main St,Credit Card,2025-03-20 11:00
540,915,14,2025-04-05,90.35,Delivered,2 Main St,Credit Card,2025-04-06 20:00
541,48,18,2025-02-04,47.63,Processing,4 Main St,Debit Card,2025-02-04 14:00
542,262,45,2025-04-02,26.2,In Transit,14 Main St,Cash,2025-04-03 21:00
543,904,5,2025-01-07,170.57,Delivered,5 Main St,Cash,2025-01-08 21:00
544,211,6,2025-02-09,99.92,Delivered,6 Main St,Credit Card,2025-02-10 01:00
545,34,82,2025-04-09,56.31,In Transit,30 Main St,PayPal,2025-04-09 16:00
546,372,63,2025-01-26,36.45,Pending,23 Main St,Credit Card,2025-01-26 01:00
547,365,38,2025-02-13,167.69,Delivered,12 Main St,Debit Card,2025-02-13 07:00
548,541,88,2025-04-13,170.37,In Transit,32 Main St,Debit Card,2025-04-13 03:00
549,857,88,2025-02-23,112.25,Processing,32 Main St,PayPal,2025-02-24 12:00
550,611,29,2025-03-22,54.12,In Transit,8 Main St,Cash,2025-03-23 04:00
551,70,95,2025-01-16,61.83,Delivered,35 Main St,PayPal,2025-01-16 21:00
552,152,29,2025-01-23,22.7,Processing,8 Main St,Credit Card,2025-01-24 01:00
553,284,48,2025-01-28,102.58,Delivered,16 Main St,PayPal,2025-01-29 18:00
554,429,91,2025-03-21,86.42,Delivered,33 Main St,Debit Card,2025-03-22 03:00
555,323,46,2025-02-08,158.16,Pending,15 Main St,Credit Card,2025-02-09 22:00
556,419,51,2025-03-10,162.43,In Transit,17 Main St,PayPal,2025-03-10 07:00
557,382,95,2025-03-18,78.38,Pending,35 Main St,Debit Card,2025-03-18 22:00
558,754,40,2025-01-23,134.36,Processing,12 Main St,Cash,2025-01-23 05:00
559,26,57,2025-02-12,23.18,Pending,20 Main St,Cash,2025-02-13 09:00
560,653,75,2025-03-23,153.53,Delivered,27 Main St,Debit Card,2025-03-23 02:00
561,978,5,2025-03-20,156.61,Delivered,5 Main St,PayPal,2025-03-20 16:00
562,554,66,2025-04-05,97.13,In Transit,24 Main St,Credit Card,2025-04-05 04:00
563,391,76,2025-01-18,87.41,Processing,28 Main St,Debit Card,2025-01-18 10:00
564,353,6,2025-02-18,56.79,Delivered,6 Main St,Debit Card,2025-02-19 23:00
565,140,36,2025-03-18,197.94,Pending,11 Main St,PayPal,2025-03-18 09:00
566,514,94,2025-02-05,77.16,Delivered,35 Main St,Cash,2025-02-06 18:00
567,452,6,2025-04-15,71.92,Delivered,6 Main St,Debit Card,2025-04-16 23:00
568,676,40,2025-02-12,81.69,In Transit,12 Main St,Credit Card,2025-02-13 19:00
569,931,31,2025-02-01,164.26,In Transit,9 Main St,Cash,2025-02-02 10:00
570,382,37,2025-02-11,53.04,Delivered,11 Main St,Credit Card,2025-02-12 08:00
571,876,37,2025-01-09,191.66,Delivered,11 Main St,Debit Card,2025-01-09 14:00
572,15,92,2025-01-17,36.52,In Transit,34 Main St,Debit Card,2025-01-18 09:00
573,685,48,2025-01-11,96.72,Pending,16 Main St,PayPal,2025-01-11 11:00
574,41,7,2025-04-03,55.56,Pending,7 Main St,Debit Card,2025-04-04 15:00
575,798,57,2025-02-01,74.56,Pending,20 Main St,Debit Card,2025-02-01 18:00
576,354,84,2025-04-21,160.63,Delivered,31 Main St,PayPal,2025-04-22 02:00
577,729,41,2025-02-18,50.2,Pending,13 Main St,Cash,2025-02-19 09:00
578,486,91,2025-03-20,152.29,In Transit,33 Main St,Cash,2025-03-20 02:00
579,756,56,2025-04-08,88.66,Delivered,19 Main St,PayPal,2025-04-09 15:00
580,434,89,2025-03-10,47.5,In Transit,32 Main St,PayPal,2025-03-11 01:00
581,851,23,2025-03-01,75.05,Processing,6 Main St,Cash,2025-03-02 12:00
582,994,68,2025-03-19,106.55,Processing,25 Main St,Debit Card,2025-03-20 22:00
583,606,55,2025-03-02,55.23,In Transit,19 Main St,Credit Card,2025-03-02 01:00
584,579,92,2025-04-21,110.13,Processing,34 Main St,Cash,2025-04-22 02:00
585,297,3,2025-04-29,94.85,Pending,3 Main St,PayPal,2025-04-30 01:00
586,445,77,2025-03-04,75.41,Delivered,28 Main St,Cash,2025-03-04 03:00
587,531,62,2025-04-28,42.41,In Transit,22 Main St,Debit Card,2025-04-29 04:00
588,366,76,2025-02-02,158.83,Processing,28 Main St,Cash,2025-02-03 17:00
589,517,29,2025-03-30,86.27,Delivered,8 Main St,Cash,2025-03-31 04:00
590,518,34,2025-04-05,64.42,Pending,10 Main St,Credit Card,2025-04-06 00:00
591,274,20,2025-03-22,147.18,Delivered,5 Main St,Debit Card,2025-03-22 17:00
592,732,6,2025-03-19,101.98,In Transit,6 Main St,PayPal,2025-03-19 16:00
593,583,54,2025-03-19,124.1,In Transit,19 Main St,Credit Card,2025-03-19 08:00
594,572,80,2025-04-09,36.62,Pending,29 Main St,Cash,2025-04-10 22:00
595,303,1,2025-03-17,195.35,Delivered,1 Main St,Debit Card,2025-03-18 04:00
596,333,86,2025-01-22,169.35,Processing,31 Main St,PayPal,2025-01-23 09:00
597,953,69,2025-03-10,138.53,Pending,25 Main St,PayPal,2025-03-11 23:00
598,463,59,2025-02-22,155.44,Delivered,21 Main St,Credit Card,2025-02-23 17:00
599,742,62,2025-03-15,159.8,Processing,22 Main St,Debit Card,2025-03-15 18:00
600,805,56,2025-04-06,57.71,Pending,19 Main St,PayPal,2025-04-06 01:00
601,94,31,2025-01-22,166.95,Delivered,9 Main St,Credit Card,2025-01-22 05:00
602,92,59,2025-04-10,145.34,Pending,21 Main St,PayPal,2025-04-11 23:00
603,916,48,2025-02-25,50.71,Processing,16 Main St,Debit Card,2025-02-26 22:00
604,646,38,2025-01-18,55.64,In Transit,12 Main St,Credit Card,2025-01-19 05:00
605,290,18,2025-03-14,166.59,In Transit,4 Main St,Debit Card,2025-03-14 04:00
606,176,79,2025-04-06,52.89,In Transit,29 Main St,PayPal,2025-04-07 03:00
607,803,12,2025-02-26,132.83,Delivered,1 Main St,Debit Card,2025-02-26 06:00
608,398,20,2025-02-07,35.43,Delivered,5 Main St,PayPal,2025-02-07 05:00
609,839,59,2025-02-13,25.34,In Transit,21 Main St,Cash,2025-02-14 08:00
610,576,28,2025-03-28,156.9,Delivered,8 Main St,Credit Card,2025-03-28 18:00
611,284,75,2025-04-07,191.94,Delivered,27 Main St,Credit Card,2025-04-07 14:00
612,232,84,2025-03-08,162.52,Pending,31 Main St,PayPal,2025-03-09 08:00
613,73,64,2025-03-02,156.24,Pending,23 Main St,PayPal,2025-03-03 00:00
614,230,57,2025-03-29,180.23,Processing,20 Main St,Debit Card,2025-03-30 00:00
615,411,26,2025-03-27,91.72,Delivered,7 Main St,PayPal,2025-03-27 22:00
616,159,17,2025-04-14,38.03,Pending,3 Main St,Cash,2025-04-15 23:00
617,488,30,2025-04-17,179.83,In Transit,9 Main St,Credit Card,2025-04-18 15:00
618,214,24,2025-01-16,176.42,Processing,6 Main St,Debit Card,2025-01-17 00:00
619,308,43,2025-02-27,131.3,Pending,13 Main St,Cash,2025-02-28 19:00
620,922,47,2025-01-25,20.56,Processing,15 Main St,Credit Card,2025-01-26 17:00
621,515,91,2025-02-16,177.22,Processing,33 Main St,Cash,2025-02-16 15:00
622,591,57,2025-03-19,107.22,Delivered,20 Main St,PayPal,2025-03-20 04:00
623,96,21,2025-05-01,187.67,Pending,5 Main St,Credit Card,2025-05-02 23:00
624,988,92,2025-02-19,72.9,In Transit,34 Main St,Debit Card,2025-02-20 10:00
625,620,18,2025-04-23,122.94,Delivered,4 Main St,Debit Card,2025-04-24 08:00
626,784,27,2025-04-12,35.68,Pending,7 Main St,Debit Card,2025-04-13 05:00
627,925,38,2025-01-15,106.79,In Transit,12 Main St,Debit Card,2025-01-15 14:00
628,135,2,2025-01-22,155.59,Delivered,2 Main St,Credit Card,2025-01-23 04:00
629,330,88,2025-04-02,25.26,Processing,32 Main St,Cash,2025-04-02 18:00
630,952,82,2025-01-29,149.45,Pending,30 Main St,Credit Card,2025-01-30 19:00
631,832,79,2025-01-18,186.09,Pending,29 Main St,Credit Card,2025-01-19 21:00
632,465,10,2025-02-12,176.95,Delivered,10 Main St,PayPal,2025-02-13 01:00
633,561,42,2025-04-27,149.14,Pending,13 Main St,Cash,2025-04-27 15:00
634,621,70,2025-01-29,66.64,Processing,26 Main St,Credit Card,2025-01-29 08:00
635,912,6,2025-01-12,81.24,In Transit,6 Main St,Credit Card,2025-01-13 13:00
636,203,65,2025-02-17,42.94,Processing,23 Main St,Cash,2025-02-18 13:00
637,422,94,2025-04-05,20.3,Delivered,35 Main St,Debit Card,2025-04-06 01:00
638,56,1,2025-02-24,77.54,Processing,1 Main St,Debit Card,2025-02-25 10:00
639,231,61,2025-03-26,128.29,In Transit,22 Main St,Credit Card,2025-03-27 02:00
640,935,62,2025-01-02,116.89,Pending,22 Main St,PayPal,2025-01-02 10:00
641,430,84,2025-04-15,189.72,In Transit,31 Main St,Cash,2025-04-16 20:00
642,96,94,2025-02-28,46.54,Processing,35 Main St,Debit Card,2025-03-02 00:00
643,455,60,2025-03-27,172.84,Delivered,21 Main St,PayPal,2025-03-27 20:00
644,259,94,2025-03-06,198.26,Delivered,35 Main St,PayPal,2025-03-07 22:00
645,366,5,2025-03-15,106.09,In Transit,5 Main St,Cash,2025-03-15 19:00
646,928,50,2025-04-01,193.97,Delivered,17 Main St,PayPal,2025-04-01 10:00
647,176,42,2025-04-16,149.02,In Transit,13 Main St,Credit Card,2025-04-16 12:00
648,539,66,2025-04-20,107.75,Pending,24 Main St,PayPal,2025-04-21 19:00
649,916,88,2025-04-27,172.73,Delivered,32 Main St,Cash,2025-04-27 22:00
650,553,4,2025-02-24,142.02,Processing,4 Main St,Cash,2025-02-25 02:00
651,184,28,2025-01-10,115.01,Processing,8 Main St,PayPal,2025-01-11 21:00
652,317,58,2025-04-29,55.12,Pending,20 Main St,Credit Card,2025-04-29 09:00
653,786,66,2025-02-11,155.41,Delivered,24 Main St,PayPal,2025-02-12 06:00
654,405,30,2025-03-25,49.47,In Transit,9 Main St,Cash,2025-03-26 21:00
655,350,70,2025-03-03,72.39,In Transit,26 Main St,Debit Card,2025-03-03 14:00
656,944,37,2025-04-13,154.71,Delivered,11 Main St,PayPal,2025-04-14 23:00
657,829,11,2025-04-20,123.62,In Transit,1 Main St,Cash,2025-04-21 04:00
658,816,18,2025-03-28,171.5,Delivered,4 Main St,Credit Card,2025-03-28 23:00
659,300,24,2025-03-02,52.33,Delivered,6 Main St,Credit Card,2025-03-03 09:00
660,102,42,2025-03-25,80.93,Pending,13 Main St,Debit Card,2025-03-26 17:00
661,62,19,2025-04-03,92.72,Delivered,4 Main St,Credit Card,2025-04-03 16:00
662,657,49,2025-02-20,107.95,In Transit,16 Main St,Cash,2025-02-21 21:00
663,299,3,2025-04-12,140.73,Delivered,3 Main St,Cash,2025-04-13 18:00
664,956,56,2025-02-18,69.54,Pending,19 Main St,PayPal,2025-02-18 01:00
665,175,58,2025-01-16,40.99,Delivered,20 Main St,Cash,2025-01-17 18:00
666,426,87,2025-03-27,183.53,In Transit,32 Main St,Credit Card,2025-03-28 14:00
667,664,22,2025-03-15,197.72,Pending,5 Main St,PayPal,2025-03-16 21:00
668,91,29,2025-04-06,37.02,In Transit,8 Main St,Cash,2025-04-07 07:00
669,482,1,2025-03-24,146.49,Processing,1 Main St,Debit Card,2025-03-24 07:00
670,394,56,2025-02-11,31.43,In Transit,19 Main St,Cash,2025-02-12 21:00
671,400,54,2025-01-03,90.88,Pending,19 Main St,Credit Card,2025-01-04 10:00
672,125,76,2025-04-18,125.25,Delivered,28 Main St,Debit Card,2025-04-19 19:00
673,662,77,2025-04-25,41.12,In Transit,28 Main St,Credit Card,2025-04-26 12:00
674,977,91,2025-02-27,164.09,Delivered,33 Main St,Credit Card,2025-02-27 09:00
675,48,69,2025-03-15,57.12,In Transit,25 Main St,Credit Card,2025-03-16 12:00
676,447,19,2025-02-02,173.26,Delivered,4 Main St,Credit Card,2025-02-02 08:00
677,48,6,2025-03-06,73.74,In Transit,6 Main St,Cash,2025-03-07 19:00
678,362,51,2025-01-01,64.7,Delivered,17 Main St,PayPal,2025-01-02 19:00
679,872,48,2025-03-10,100.09,Pending,16 Main St,PayPal,2025-03-11 10:00
680,189,29,2025-04-27,197.48,Processing,8 Main St,Debit Card,2025-04-28 21:00
681,519,76,2025-01-13,139.27,Delivered,28 Main St,Debit Card,2025-01-13 03:00
682,210,58,2025-01-25,45.5,In Transit,20 Main St,Debit Card,2025-01-26 15:00
683,310,81,2025-03-12,58.89,Processing,30 Main St,PayPal,2025-03-12 09:00
684,17,49,2025-04-04,132.02,Delivered,16 Main St,PayPal,2025-04-04 17:00
685,338,6,2025-02-18,136.96,In Transit,6 Main St,Cash,2025-02-19 06:00
686,94,92,2025-01-11,190.05,Pending,34 Main St,Debit Card,2025-01-12 11:00
687,638,5,2025-01-27,32.7,Processing,5 Main St,Debit Card,2025-01-28 22:00
688,834,94,2025-02-17,121.46,In Transit,35 Main St,Cash,2025-02-17 10:00
689,964,82,2025-02-10,198.64,Pending,30 Main St,Cash,2025-02-10 02:00
690,986,63,2025-03-19,64.55,Processing,23 Main St,Credit Card,2025-03-20 11:00
691,509,50,2025-01-15,143.12,Pending,17 Main St,Credit Card,2025-01-15 22:00
692,660,94,2025-03-23,36.02,Processing,35 Main St,PayPal,2025-03-23 10:00
693,210,13,2025-04-22,163.66,Processing,2 Main St,Credit Card,2025-04-22 07:00
694,900,28,2025-02-18,196.31,In Transit,8 Main St,Cash,2025-02-18 07:00
695,544,11,2025-04-11,186.61,In Transit,1 Main St,PayPal,2025-04-12 14:00
696,320,3,2025-04-16,165.22,Delivered,3 Main St,PayPal,2025-04-17 21:00
697,207,40,2025-03-15,175.77,Processing,12 Main St,Credit Card,2025-03-15 04:00
698,17,88,2025-01-22,77.24,Pending,32 Main St,Debit Card,2025-01-22 23:00
699,94,86,2025-04-14,153.43,Pending,31 Main St,Cash,2025-04-15 14:00
700,425,92,2025-01-17,66.63,In Transit,34 Main St,Debit Card,2025-01-17 10:00
701,459,22,2025-02-18,122.16,Processing,5 Main St,Credit Card,2025-02-19 23:00
702,566,32,2025-03-23,195.41,In Transit,10 Main St,Cash,2025-03-24 22:00
703,805,54,2025-02-28,52.96,Processing,19 Main St,Cash,2025-03-01 09:00
704,175,53,2025-02-06,69.65,Pending,18 Main St,Debit Card,2025-02-06 20:00
705,846,30,2025-03-23,174.43,Processing,9 Main St,Cash,2025-03-23 21:00
706,542,39,2025-04-19,36.23,Delivered,12 Main St,Credit Card,2025-04-20 23:00
707,185,89,2025-01-31,190.08,In Transit,32 Main St,Credit Card,2025-01-31 06:00
708,694,65,2025-04-06,71.45,Pending,23 Main St,Credit Card,2025-04-07 04:00
709,699,4,2025-03-28,111.56,In Transit,4 Main St,Cash,2025-03-29 08:00
710,113,1,2025-03-07,143.32,Delivered,1 Main St,Cash,2025-03-07 01:00
711,375,47,2025-03-20,54.23,Delivered,15 Main St,Cash,2025-03-21 21:00
712,397,13,2025-03-10,154.94,In Transit,2 Main St,Credit Card,2025-03-11 15:00
713,345,11,2025-02-27,193.64,In Transit,1 Main St,Debit Card,2025-02-27 05:00
714,715,49,2025-02-16,171.09,Processing,16 Main St,Credit Card,2025-02-17 04:00
715,117,73,2025-03-05,88.24,Processing,27 Main St,Credit Card,2025-03-05 22:00
716,321,41,2025-04-27,142.23,Delivered,13 Main St,PayPal,2025-04-27 20:00
717,364,86,2025-03-03,72.84,In Transit,31 Main St,Credit Card,2025-03-05 00:00
718,735,64,2025-03-22,122.39,In Transit,23 Main St,PayPal,2025-03-23 18:00
719,453,12,2025-03-07,168.63,Delivered,1 Main St,Cash,2025-03-08 16:00
720,826,88,2025-04-19,107.89,Processing,32 Main St,Credit Card,2025-04-20 16:00
721,209,71,2025-02-28,79.14,Processing,26 Main St,Credit Card,2025-02-28 01:00
722,571,86,2025-02-14,180.24,In Transit,31 Main St,Cash,2025-02-14 23:00
723,980,46,2025-01-02,38.24,Pending,15 Main St,Debit Card,2025-01-02 06:00
724,671,74,2025-03-09,112.58,In Transit,27 Main St,Cash,2025-03-09 08:00
725,392,25,2025-04-27,107.73,In Transit,7 Main St,PayPal,2025-04-27 15:00
726,353,91,2025-03-02,91.16,Processing,33 Main St,PayPal,2025-03-03 04:00
727,443,61,2025-04-25,52.79,Processing,22 Main St,Credit Card,2025-04-26 05:00
728,32,3,2025-03-26,171.08,In Transit,3 Main St,Debit Card,2025-03-26 23:00
729,781,94,2025-04-06,98.11,Processing,35 Main St,Debit Card,2025-04-06 08:00
730,433,45,2025-01-25,71.28,In Transit,14 Main St,Cash,2025-01-26 03:00
731,382,95,2025-04-06,79.62,Delivered,35 Main St,Debit Card,2025-04-07 19:00
732,561,24,2025-01-26,190.71,Processing,6 Main St,Credit Card,2025-01-27 03:00
733,755,26,2025-03-04,119.02,In Transit,7 Main St,PayPal,2025-03-05 02:00
734,626,60,2025-03-06,150.68,Pending,21 Main St,Debit Card,2025-03-06 08:00
735,900,68,2025-01-14,162.69,In Transit,25 Main St,Debit Card,2025-01-14 23:00
736,276,70,2025-03-06,22.46,In Transit,26 Main St,Credit Card,2025-03-07 20:00
737,579,43,2025-04-17,81.59,Delivered,13 Main St,Cash,2025-04-18 07:00
738,826,3,2025-02-07,70.8,Delivered,3 Main St,Cash,2025-02-07 16:00
739,766,90,2025-03-21,47.45,In Transit,33 Main St,Debit Card,2025-03-21 18:00
740,767,2,2025-04-09,40.7,Processing,2 Main St,Debit Card,2025-04-10 19:00
741,682,84,2025-04-16,97.25,Pending,31 Main St,Credit Card,2025-04-17 21:00
742,717,86,2025-04-04,110.42,In Transit,31 Main St,Debit Card,2025-04-05 14:00
743,816,3,2025-03-22,134.21,In Transit,3 Main St,Credit Card,2025-03-22 09:00
744,393,51,2025-02-21,26.91,In Transit,17 Main St,Debit Card,2025-02-22 04:00
745,111,3,2025-01-03,130.96,Delivered,3 Main St,Credit Card,2025-01-04 01:00
746,453,71,2025-02-22,114.49,In Transit,26 Main St,Debit Card,2025-02-22 22:00
747,493,30,2025-02-24,106.26,Pending,9 Main St,Credit Card,2025-02-24 20:00
748,464,19,2025-01-15,68.46,Processing,4 Main St,PayPal,2025-01-16 22:00
749,426,56,2025-02-23,64.45,Delivered,19 Main St,Debit Card,2025-02-23 03:00
750,602,17,2025-01-01,29.38,Processing,3 Main St,Debit Card,2025-01-01 19:00
751,565,32,2025-03-02,70.43,Delivered,10 Main St,Cash,2025-03-02 12:00
752,810,44,2025-02-02,190.7,Processing,14 Main St,PayPal,2025-02-02 20:00
753,118,32,2025-01-15,37.44,Delivered,10 Main St,Debit Card,2025-01-15 22:00
754,960,79,2025-02-16,153.43,Processing,29 Main St,PayPal,2025-02-16 16:00
755,831,64,2025-03-25,69.67,Pending,23 Main St,Credit Card,2025-03-25 07:00
756,267,51,2025-01-17,133.32,Delivered,17 Main St,Credit Card,2025-01-18 14:00
757,649,69,2025-04-27,179.13,In Transit,25 Main St,Debit Card,2025-04-28 22:00
758,134,85,2025-02-27,186.59,Delivered,31 Main St,PayPal,2025-02-27 20:00
759,101,92,2025-04-03,105.36,In Transit,34 Main St,Debit Card,2025-04-03 03:00
760,723,56,2025-01-17,54.51,Processing,19 Main St,PayPal,2025-01-18 00:00
761,785,42,2025-02-27,133.38,Delivered,13 Main St,Cash,2025-02-27 05:00
762,416,26,2025-03-03,95.42,Delivered,7 Main St,Debit Card,2025-03-04 15:00
763,833,84,2025-02-05,145.41,In Transit,31 Main St,PayPal,2025-02-05 03:00
764,915,26,2025-03-14,30.94,In Transit,7 Main St,Cash,2025-03-15 08:00
765,880,59,2025-03-29,115.84,Delivered,21 Main St,Debit Card,2025-03-30 05:00
766,56,26,2025-04-07,111.67,Pending,7 Main St,Cash,2025-04-08 15:00
767,652,53,2025-02-04,57.25,Delivered,18 Main St,Debit Card,2025-02-05 13:00
768,87,43,2025-01-28,126.58,Delivered,13 Main St,Cash,2025-01-29 09:00
769,656,91,2025-04-01,149.7,Processing,33 Main St,PayPal,2025-04-01 15:00
770,602,86,2025-02-07,147.49,Delivered,31 Main St,Debit Card,2025-02-07 15:00
771,986,82,2025-01-06,116.04,Processing,30 Main St,Credit Card,2025-01-07 17:00
772,750,12,2025-01-19,189.57,Processing,1 Main St,Debit Card,2025-01-19 18:00
773,528,32,2025-04-22,162.31,In Transit,10 Main St,Debit Card,2025-04-23 11:00
774,380,87,2025-01-15,20.25,Processing,32 Main St,PayPal,2025-01-15 21:00
775,860,43,2025-01-11,190.36,Processing,13 Main St,Debit Card,2025-01-12 03:00
776,145,44,2025-04-25,130.07,Processing,14 Main St,Credit Card,2025-04-26 17:00
777,818,38,2025-04-15,21.87,Processing,12 Main St,Debit Card,2025-04-16 23:00
778,126,91,2025-02-05,51.81,Delivered,33 Main St,Credit Card,2025-02-06 23:00
779,308,70,2025-04-06,143.86,Processing,26 Main St,Debit Card,2025-04-07 05:00
780,676,47,2025-01-29,78.37,In Transit,15 Main St,Cash,2025-01-29 10:00
781,232,81,2025-02-27,61.71,Pending,30 Main St,PayPal,2025-02-27 10:00
782,413,82,2025-04-26,106.22,Pending,30 Main St,Debit Card,2025-04-27 06:00
783,815,45,2025-01-24,166.81,In Transit,14 Main St,Debit Card,2025-01-25 13:00
784,418,90,2025-03-04,189.8,In Transit,33 Main St,PayPal,2025-03-04 02:00
785,561,31,2025-02-09,49.33,In Transit,9 Main St,Cash,2025-02-10 20:00
786,706,48,2025-03-19,53.81,In Transit,16 Main St,Credit Card,2025-03-20 04:00
787,775,68,2025-02-01,101.9,Pending,25 Main St,Credit Card,2025-02-02 23:00
788,363,5,2025-03-09,44.71,Delivered,5 Main St,Credit Card,2025-03-10 01:00
789,591,56,2025-02-19,23.73,Delivered,19 Main St,Credit Card,2025-02-19 09:00
790,981,28,2025-02-01,158.62,Processing,8 Main St,Debit Card,2025-02-02 17:00
791,74,6,2025-03-18,22.43,Delivered,6 Main St,Credit Card,2025-03-19 11:00
792,319,29,2025-04-05,167.29,Delivered,8 Main St,Debit Card,2025-04-05 09:00
793,11,26,2025-03-03,156.74,Pending,7 Main St,Debit Card,2025-03-03 20:00
794,440,48,2025-02-12,106.2,In Transit,16 Main St,Credit Card,2025-02-13 11:00
795,936,3,2025-03-30,68.14,Delivered,3 Main St,Credit Card,2025-03-30 03:00
796,668,44,2025-01-14,118.04,Delivered,14 Main St,Cash,2025-01-14 10:00
797,752,19,2025-01-01,184.19,Delivered,4 Main St,Debit Card,2025-01-02 04:00
798,295,53,2025-02-19,46.53,Processing,18 Main St,Debit Card,2025-02-20 20:00
799,869,82,2025-02-19,143.62,Delivered,30 Main St,Cash,2025-02-19 11:00
800,624,15,2025-01-15,60.41,Processing,2 Main St,PayPal,2025-01-15 05:00
801,100,62,2025-03-20,80.07,Processing,22 Main St,Credit Card,2025-03-20 03:00
802,985,48,2025-03-19,47.2,Pending,16 Main St,PayPal,2025-03-20 15:00
803,943,76,2025-01-24,142.3,In Transit,28 Main St,PayPal,2025-01-25 16:00
804,837,93,2025-04-15,71.66,Delivered,34 Main St,PayPal,2025-04-16 08:00
805,782,39,2025-03-26,86.44,Processing,12 Main St,Credit Card,2025-03-26 01:00
806,439,2,2025-04-21,187.96,In Transit,2 Main St,Debit Card,2025-04-21 21:00
807,706,70,2025-01-19,90.31,Pending,26 Main St,Credit Card,2025-01-19 08:00
808,968,12,2025-03-15,96.94,Processing,1 Main St,Debit Card,2025-03-15 06:00
809,101,55,2025-02-11,199.06,In Transit,19 Main St,Cash,2025-02-11 23:00
810,422,21,2025-02-10,108.96,Pending,5 Main St,Cash,2025-02-11 15:00
811,130,49,2025-04-12,134.59,In Transit,16 Main St,Debit Card,2025-04-13 01:00
812,969,13,2025-02-23,118.88,Pending,2 Main St,Debit Card,2025-02-24 01:00
813,236,36,2025-01-11,124.57,Pending,11 Main St,Debit Card,2025-01-12 21:00
814,630,56,2025-01-12,62.33,Delivered,19 Main St,Debit Card,2025-01-12 02:00
815,497,39,2025-02-16,120.51,In Transit,12 Main St,Credit Card,2025-02-16 04:00
816,21,1,2025-04-27,82.88,In Transit,1 Main St,PayPal,2025-04-28 06:00
817,517,30,2025-01-19,170.35,Pending,9 Main St,Debit Card,2025-01-19 14:00
818,395,62,2025-04-16,60.43,In Transit,22 Main St,Credit Card,2025-04-17 21:00
819,822,23,2025-04-01,45.75,Delivered,6 Main St,Cash,2025-04-02 00:00
820,516,47,2025-01-07,146.25,Delivered,15 Main St,Cash,2025-01-08 15:00
821,930,92,2025-04-22,48.47,In Transit,34 Main St,PayPal,2025-04-22 10:00
822,442,54,2025-01-11,64.11,Delivered,19 Main St,Cash,2025-01-11 10:00
823,709,13,2025-04-08,52.84,In Transit,2 Main St,PayPal,2025-04-09 07:00
824,63,18,2025-02-22,150.06,Pending,4 Main St,Credit Card,2025-02-22 19:00
825,309,54,2025-01-15,48.06,Delivered,19 Main St,Debit Card,2025-01-16 09:00
826,784,41,2025-01-21,21.96,Pending,13 Main St,Cash,2025-01-22 12:00
827,802,61,2025-04-02,169.31,Processing,22 Main St,Debit Card,2025-04-03 04:00
828,114,60,2025-04-30,48.22,Delivered,21 Main St,Cash,2025-04-30 09:00
829,649,42,2025-04-06,58.14,Delivered,13 Main St,Debit Card,2025-04-07 02:00
830,291,89,2025-01-24,168.05,Delivered,32 Main St,Cash,2025-01-25 07:00
831,676,54,2025-02-10,137.49,Pending,19 Main St,Cash,2025-02-10 11:00
832,402,84,2025-01-07,164.6,Pending,31 Main St,Debit Card,2025-01-07 18:00
833,802,10,2025-01-14,38.79,Processing,10 Main St,PayPal,2025-01-14 02:00
834,935,35,2025-01-31,70.8,Delivered,11 Main St,Credit Card,2025-01-31 14:00
835,653,28,2025-03-18,21.98,Processing,8 Main St,Debit Card,2025-03-19 12:00
836,215,92,2025-01-26,134.91,Delivered,34 Main St,Debit Card,2025-01-26 18:00
837,158,13,2025-01-11,195.8,Delivered,2 Main St,Cash,2025-01-11 03:00
838,691,95,2025-01-07,76.62,Processing,35 Main St,Credit Card,2025-01-07 23:00
839,858,28,2025-04-07,70.83,Pending,8 Main St,Debit Card,2025-04-07 21:00
840,35,81,2025-04-07,90.32,Processing,30 Main St,Debit Card,2025-04-08 21:00
841,249,39,2025-03-28,37.53,Pending,12 Main St,Credit Card,2025-03-29 09:00
842,293,63,2025-04-14,159.51,Delivered,23 Main St,Cash,2025-04-15 07:00
843,530,70,2025-03-17,176.39,Delivered,26 Main St,PayPal,2025-03-17 11:00
844,467,50,2025-01-20,142.83,Delivered,17 Main St,Credit Card,2025-01-21 22:00
845,587,11,2025-01-30,179.19,In Transit,1 Main St,Debit Card,2025-01-31 09:00
846,425,27,2025-03-08,198.61,Processing,7 Main St,Cash,2025-03-08 09:00
847,57,75,2025-02-13,72.35,Pending,27 Main St,Credit Card,2025-02-14 22:00
848,533,60,2025-04-10,142.92,In Transit,21 Main St,Debit Card,2025-04-11 16:00
849,536,56,2025-03-19,33.5,In Transit,19 Main St,Cash,2025-03-19 07:00
850,664,47,2025-04-14,22.69,Processing,15 Main St,Credit Card,2025-04-15 08:00
851,671,80,2025-01-13,101.87,In Transit,29 Main St,PayPal,2025-01-13 11:00
852,869,76,2025-01-09,70.42,Processing,28 Main St,PayPal,2025-01-09 06:00
853,665,60,2025-01-10,52.25,Pending,21 Main St,PayPal,2025-01-11 07:00
854,833,72,2025-02-02,157.37,Pending,26 Main St,Debit Card,2025-02-02 08:00
855,439,68,2025-03-14,107.89,Processing,25 Main St,PayPal,2025-03-15 02:00
856,692,67,2025-02-22,174.26,In Transit,24 Main St,Cash,2025-02-23 00:00
857,321,28,2025-03-07,172.07,Processing,8 Main St,PayPal,2025-03-07 06:00
858,136,38,2025-03-29,94.37,Pending,12 Main St,PayPal,2025-03-30 20:00
859,647,23,2025-01-06,131.71,Delivered,6 Main St,Debit Card,2025-01-07 21:00
860,839,75,2025-04-16,120.94,In Transit,27 Main St,Credit Card,2025-04-16 19:00
861,910,53,2025-02-18,48.48,Pending,18 Main St,Credit Card,2025-02-18 15:00
862,413,62,2025-02-19,177.35,Delivered,22 Main St,PayPal,2025-02-20 06:00
863,634,49,2025-03-01,135.65,Pending,16 Main St,Credit Card,2025-03-01 06:00
864,206,35,2025-01-24,151.72,Pending,11 Main St,Cash,2025-01-24 13:00
865,114,21,2025-02-21,79.17,Processing,5 Main St,PayPal,2025-02-22 15:00
866,250,57,2025-03-04,58.27,Pending,20 Main St,Credit Card,2025-03-04 18:00
867,739,31,2025-02-28,26.89,In Transit,9 Main St,Cash,2025-02-28 10:00
868,554,78,2025-03-23,58.42,Delivered,28 Main St,Cash,2025-03-23 04:00
869,823,3,2025-04-30,165.54,Pending,3 Main St,Cash,2025-04-30 14:00
870,785,82,2025-01-07,58.07,Delivered,30 Main St,Cash,2025-01-07 18:00
871,884,63,2025-02-02,134.42,Delivered,23 Main St,Debit Card,2025-02-02 05:00
872,437,67,2025-02-05,92.91,Processing,24 Main St,Cash,2025-02-06 03:00
873,982,1,2025-03-09,58.54,Processing,1 Main St,Debit Card,2025-03-09 04:00
874,392,80,2025-01-12,181.09,Pending,29 Main St,PayPal,2025-01-12 20:00
875,931,81,2025-01-22,55.75,Pending,30 Main St,Cash,2025-01-23 07:00
876,519,77,2025-03-10,143.99,In Transit,28 Main St,Cash,2025-03-10 23:00
877,204,39,2025-04-27,144.72,Pending,12 Main St,Credit Card,2025-04-28 12:00
878,533,75,2025-04-11,180.88,In Transit,27 Main St,Credit Card,2025-04-12 23:00
879,771,31,2025-03-27,124.13,In Transit,9 Main St,PayPal,2025-03-28 19:00
880,498,88,2025-04-16,189.01,Processing,32 Main St,Credit Card,2025-04-16 10:00
881,124,11,2025-04-25,102.56,In Transit,1 Main St,Cash,2025-04-25 21:00
882,910,30,2025-01-15,162.56,Pending,9 Main St,PayPal,2025-01-16 10:00
883,149,42,2025-04-03,20.66,Pending,13 Main St,Debit Card,2025-04-04 17:00
884,76,75,2025-02-27,135.0,Delivered,27 Main St,Credit Card,2025-02-27 14:00
885,293,2,2025-04-06,196.23,Pending,2 Main St,Debit Card,2025-04-07 15:00
886,441,61,2025-02-18,58.9,In Transit,22 Main St,Debit Card,2025-02-19 20:00
887,480,3,2025-03-15,191.92,Processing,3 Main St,PayPal,2025-03-15 02:00
888,880,53,2025-02-08,181.4,Delivered,18 Main St,Cash,2025-02-09 18:00
889,295,62,2025-02-28,94.53,Processing,22 Main St,PayPal,2025-03-01 11:00
890,402,43,2025-02-24,114.17,Processing,13 Main St,Credit Card,2025-02-24 12:00
891,105,43,2025-02-28,97.11,In Transit,13 Main St,Debit Card,2025-03-01 11:00
892,616,26,2025-02-25,88.68,Pending,7 Main St,PayPal,2025-02-26 21:00
893,103,35,2025-03-21,188.82,Delivered,11 Main St,Credit Card,2025-03-21 07:00
894,281,2,2025-01-12,136.93,Pending,2 Main St,Credit Card,2025-01-13 08:00
895,836,49,2025-04-06,155.31,Delivered,16 Main St,Cash,2025-04-07 09:00
896,862,39,2025-03-16,165.06,Processing,12 Main St,Cash,2025-03-16 14:00
897,990,45,2025-01-29,159.84,Pending,14 Main St,Credit Card,2025-01-29 13:00
898,325,16,2025-04-20,104.52,Delivered,3 Main St,PayPal,2025-04-21 06:00
899,375,76,2025-02-22,183.44,Pending,28 Main St,Credit Card,2025-02-23 00:00
900,453,44,2025-04-11,60.31,Processing,14 Main St,PayPal,2025-04-12 19:00
901,433,72,2025-02-03,75.33,Pending,26 Main St,Debit Card,2025-02-03 01:00
902,615,86,2025-04-26,183.63,Delivered,31 Main St,Credit Card,2025-04-26 02:00
903,51,87,2025-01-20,162.29,Processing,32 Main St,PayPal,2025-01-20 11:00
904,998,85,2025-03-15,198.71,In Transit,31 Main St,Cash,2025-03-15 13:00
905,399,59,2025-03-20,136.0,Delivered,21 Main St,Cash,2025-03-20 09:00
906,325,31,2025-05-01,134.53,In Transit,9 Main St,Cash,2025-05-01 21:00
907,830,15,2025-03-08,48.52,In Transit,2 Main St,Credit Card,2025-03-09 22:00
908,202,36,2025-04-13,42.74,Delivered,11 Main St,Cash,2025-04-14 17:00
909,572,36,2025-04-28,66.84,In Transit,11 Main St,PayPal,2025-04-28 14:00
910,189,57,2025-01-12,36.79,Pending,20 Main St,Credit Card,2025-01-13 17:00
911,180,53,2025-04-09,126.79,Delivered,18 Main St,Credit Card,2025-04-10 13:00
912,458,39,2025-02-18,24.55,In Transit,12 Main St,Cash,2025-02-19 17:00
913,34,71,2025-03-22,159.97,In Transit,26 Main St,Debit Card,2025-03-23 18:00
914,230,3,2025-04-25,59.92,In Transit,3 Main St,Debit Card,2025-04-26 23:00
915,246,65,2025-04-10,165.28,Pending,23 Main St,PayPal,2025-04-11 19:00
916,622,61,2025-01-07,69.49,In Transit,22 Main St,Credit Card,2025-01-08 17:00
917,92,91,2025-03-16,176.05,Delivered,33 Main St,Cash,2025-03-17 15:00
918,219,10,2025-01-16,39.27,Processing,10 Main St,PayPal,2025-01-16 12:00
919,756,57,2025-01-12,33.93,Processing,20 Main St,Debit Card,2025-01-13 02:00
920,687,65,2025-01-13,108.39,Delivered,23 Main St,Cash,2025-01-13 05:00
921,413,78,2025-03-04,192.66,Delivered,28 Main St,Debit Card,2025-03-05 20:00
922,903,95,2025-02-23,87.55,Processing,35 Main St,Cash,2025-02-23 11:00
923,448,78,2025-01-24,73.78,In Transit,28 Main St,Credit Card,2025-01-24 08:00
924,54,51,2025-02-13,198.87,Pending,17 Main St,Credit Card,2025-02-13 11:00
925,441,51,2025-03-08,153.51,Delivered,17 Main St,Debit Card,2025-03-09 15:00
926,216,37,2025-01-04,116.47,In Transit,11 Main St,Debit Card,2025-01-05 00:00
927,833,88,2025-01-15,181.74,Delivered,32 Main St,PayPal,2025-01-15 09:00
928,397,19,2025-01-29,35.02,In Transit,4 Main St,PayPal,2025-01-29 18:00
929,72,26,2025-03-03,55.86,Delivered,7 Main St,PayPal,2025-03-04 22:00
930,406,9,2025-03-12,137.35,Pending,9 Main St,Cash,2025-03-13 04:00
931,308,6,2025-03-07,190.34,In Transit,6 Main St,PayPal,2025-03-07 12:00
932,450,9,2025-01-26,143.67,Processing,9 Main St,Cash,2025-01-26 07:00
933,158,94,2025-03-16,162.77,Processing,35 Main St,Debit Card,2025-03-16 14:00
934,665,85,2025-04-03,107.81,Pending,31 Main St,Cash,2025-04-04 15:00
935,795,22,2025-04-06,68.9,Processing,5 Main St,Credit Card,2025-04-07 15:00
936,606,30,2025-02-19,97.28,Processing,9 Main St,PayPal,2025-02-20 17:00
937,780,20,2025-04-15,31.57,In Transit,5 Main St,Credit Card,2025-04-16 09:00
938,22,20,2025-02-02,125.64,Processing,5 Main St,PayPal,2025-02-03 02:00
939,263,25,2025-01-04,40.64,Processing,7 Main St,Cash,2025-01-04 12:00
940,946,64,2025-02-15,64.16,In Transit,23 Main St,PayPal,2025-02-16 00:00
941,883,88,2025-01-19,160.31,Delivered,32 Main St,Credit Card,2025-01-19 21:00
942,746,51,2025-03-30,21.96,Processing,17 Main St,Debit Card,2025-03-31 06:00
943,133,13,2025-03-14,163.14,In Transit,2 Main St,Credit Card,2025-03-15 01:00
944,871,8,2025-02-06,128.32,In Transit,8 Main St,Credit Card,2025-02-07 12:00
945,525,27,2025-02-05,148.93,Delivered,7 Main St,Cash,2025-02-06 20:00
946,53,18,2025-04-07,98.34,Processing,4 Main St,Debit Card,2025-04-07 13:00
947,950,34,2025-01-07,164.49,Pending,10 Main St,Credit Card,2025-01-07 18:00
948,616,91,2025-02-23,41.47,Pending,33 Main St,Debit Card,2025-02-24 15:00
949,95,93,2025-02-11,126.41,In Transit,34 Main St,Credit Card,2025-02-11 19:00
950,550,44,2025-01-03,135.86,Delivered,14 Main St,Cash,2025-01-03 19:00
951,369,16,2025-01-17,171.5,Pending,3 Main St,Credit Card,2025-01-18 11:00
952,218,71,2025-04-28,114.95,Processing,26 Main St,Credit Card,2025-04-28 05:00
953,852,53,2025-03-02,37.12,Pending,18 Main St,PayPal,2025-03-02 18:00
954,743,9,2025-02-10,155.66,Pending,9 Main St,Credit Card,2025-02-11 12:00
955,87,35,2025-04-10,76.37,Delivered,11 Main St,Cash,2025-04-10 20:00
956,719,12,2025-03-31,197.11,Pending,1 Main St,Credit Card,2025-04-01 00:00
957,473,32,2025-05-01,131.24,Delivered,10 Main St,Debit Card,2025-05-01 04:00
958,756,80,2025-04-16,21.87,Delivered,29 Main St,PayPal,2025-04-17 21:00
959,535,40,2025-04-03,98.42,In Transit,12 Main St,Credit Card,2025-04-03 13:00
960,338,86,2025-04-03,182.41,Processing,31 Main St,Credit Card,2025-04-04 21:00
961,872,4,2025-04-22,29.45,Delivered,4 Main St,Credit Card,2025-04-22 04:00
962,510,19,2025-02-08,33.51,Processing,4 Main St,Cash,2025-02-08 18:00
963,540,42,2025-03-31,50.66,In Transit,13 Main St,Cash,2025-03-31 08:00
964,92,86,2025-01-17,77.48,In Transit,31 Main St,Cash,2025-01-18 17:00
965,939,87,2025-02-27,140.28,In Transit,32 Main St,Cash,2025-02-28 19:00
966,190,79,2025-03-04,195.74,Processing,29 Main St,Cash,2025-03-04 15:00
967,287,17,2025-01-12,67.49,Processing,3 Main St,Credit Card,2025-01-12 23:00
968,138,36,2025-03-13,170.4,In Transit,11 Main St,Debit Card,2025-03-14 21:00
969,569,40,2025-01-10,33.53,Pending,12 Main St,Credit Card,2025-01-10 14:00
970,591,62,2025-01-02,140.69,Pending,22 Main St,Cash,2025-01-02 13:00
971,355,20,2025-03-04,38.82,In Transit,5 Main St,PayPal,2025-03-04 20:00
972,764,18,2025-04-01,101.72,In Transit,4 Main St,Credit Card,2025-04-01 09:00
973,515,15,2025-01-29,185.01,Pending,2 Main St,Cash,2025-01-30 16:00
974,174,43,2025-03-07,56.54,Pending,13 Main St,Debit Card,2025-03-07 05:00
975,51,51,2025-02-05,96.16,Processing,17 Main St,Credit Card,2025-02-05 10:00
976,404,25,2025-03-01,177.72,Delivered,7 Main St,Debit Card,2025-03-01 02:00
977,826,69,2025-04-25,102.95,Processing,25 Main St,Credit Card,2025-04-26 07:00
978,955,39,2025-03-26,115.56,Processing,12 Main St,PayPal,2025-03-26 08:00
979,830,93,2025-04-29,119.05,Processing,34 Main St,Cash,2025-04-29 14:00
980,781,45,2025-01-20,91.45,Pending,14 Main St,PayPal,2025-01-20 04:00
981,823,24,2025-02-26,69.07,Delivered,6 Main St,Credit Card,2025-02-27 18:00
982,884,56,2025-02-18,151.76,Pending,19 Main St,Debit Card,2025-02-18 19:00
983,616,42,2025-01-25,92.48,Processing,13 Main St,Cash,2025-01-26 10:00
984,770,63,2025-02-25,39.65,Delivered,23 Main St,Debit Card,2025-02-25 08:00
985,298,86,2025-01-29,40.73,Delivered,31 Main St,PayPal,2025-01-29 16:00
986,247,17,2025-01-09,115.78,Processing,3 Main St,Debit Card,2025-01-10 16:00
987,988,11,2025-03-31,148.85,Pending,1 Main St,Cash,2025-03-31 07:00
988,299,13,2025-01-29,152.11,Processing,2 Main St,Cash,2025-01-29 14:00
989,301,43,2025-01-22,161.43,Processing,13 Main St,PayPal,2025-01-23 22:00
990,218,6,2025-03-18,71.84,Delivered,6 Main St,Credit Card,2025-03-18 12:00
991,359,80,2025-03-06,183.4,Pending,29 Main St,PayPal,2025-03-07 21:00
992,353,83,2025-01-31,50.64,Delivered,30 Main St,Debit Card,2025-01-31 12:00
993,578,43,2025-02-12,181.98,In Transit,13 Main St,Credit Card,2025-02-13 19:00
994,478,87,2025-03-02,97.03,Delivered,32 Main St,Debit Card,2025-03-02 17:00
995,827,86,2025-04-23,33.86,Delivered,31 Main St,PayPal,2025-04-24 07:00
996,199,23,2025-03-16,20.18,In Transit,6 Main St,Cash,2025-03-16 08:00
997,59,47,2025-01-06,167.41,Processing,15 Main St,Debit Card,2025-01-07 10:00
998,903,10,2025-03-06,50.11,In Transit,10 Main St,Credit Card,2025-03-06 07:00
999,741,82,2025-02-08,164.7,Processing,30 Main St,Cash,2025-02-09 08:00
1000,258,22,2025-04-05,83.14,Processing,5 Main St,Cash,2025-04-05 17:00
