product_id,product_name,category,price,store_id,stock_quantity,unit,brand
1,Organic Bananas,Fruits,2.99,1,150,lb,Fresh Farms
2,Whole Milk,Dairy,4.49,1,80,gallon,Dairy Best
3,Whole Wheat Bread,Bakery,3.99,1,45,loaf,Golden Grain
4,Chicken Breast,Meat,8.99,1,35,lb,Prime Cuts
5,Roma Tomatoes,Vegetables,3.49,2,120,lb,Garden Fresh
6,Cheddar Cheese,Dairy,5.99,2,60,lb,Cheese Co
7,Orange Juice,Beverages,5.49,2,50,half gallon,Citrus Grove
8,Ground Beef,Meat,6.99,2,40,lb,Prime Cuts
9,Organic Apples,Fruits,4.99,3,100,lb,Fresh Farms
10,Greek Yogurt,Dairy,6.99,3,75,32oz,Dairy Best
11,Sourdough Bread,Bakery,5.49,3,30,loaf,Artisan Bake
12,Salmon Fillet,Seafood,14.99,3,25,lb,Ocean Fresh
13,Baby Spinach,Vegetables,3.99,4,90,bag,Organic Valley
14,Almond Milk,Dairy Alternative,4.99,4,55,half gallon,Nutty Delight
15,Eggs,Dairy,5.99,4,100,dozen,Farm Fresh
16,Pork Chops,Meat,7.99,4,30,lb,Prime Cuts
17,Strawberries,Fruits,5.99,5,70,lb,Berry Best
18,Mozzarella Cheese,Dairy,6.49,5,45,lb,Cheese Co
19,Baguette,Bakery,2.99,5,50,loaf,French Style
20,Shrimp,Seafood,12.99,5,20,lb,Ocean Fresh
21,Broccoli,Vegetables,2.99,6,85,lb,Garden Fresh
22,Oat Milk,Dairy Alternative,5.49,6,40,half gallon,Nutty Delight
23,Croissants,Bakery,7.99,6,35,6-pack,French Style
24,Lamb Chops,Meat,16.99,6,15,lb,Prime Cuts
25,Blueberries,Fruits,6.99,7,60,pint,Berry Best
26,Butter,Dairy,4.99,7,70,lb,Dairy Best
27,Bagels,Bakery,5.49,7,40,6-pack,Golden Grain
28,Turkey Breast,Meat,9.99,7,25,lb,Prime Cuts
29,Sweet Potatoes,Vegetables,2.49,8,110,lb,Garden Fresh
30,Soy Milk,Dairy Alternative,4.49,8,50,half gallon,Nutty Delight
31,Dinner Rolls,Bakery,4.49,8,55,dozen,Golden Grain
32,Tuna Steaks,Seafood,13.99,8,18,lb,Ocean Fresh
33,Avocados,Fruits,1.99,9,95,each,Fresh Farms
34,Cream Cheese,Dairy,3.99,9,65,8oz,Dairy Best
35,Pita Bread,Bakery,3.49,9,45,pack,Mediterranean
36,Beef Steak,Meat,15.99,9,20,lb,Prime Cuts
37,Bell Peppers,Vegetables,3.99,10,80,lb,Garden Fresh
38,Parmesan Cheese,Dairy,8.99,10,35,lb,Cheese Co
39,Ciabatta,Bakery,4.99,10,28,loaf,Artisan Bake
40,Cod Fillet,Seafood,11.99,10,22,lb,Ocean Fresh
41,Grapes,Fruits,4.49,1,75,lb,Fresh Farms
42,Ice Cream,Frozen,6.99,2,50,half gallon,Creamy Treats
43,Pasta,Pantry,2.99,3,100,lb,Italian Best
44,Olive Oil,Pantry,12.99,4,45,bottle,Mediterranean
45,Rice,Pantry,8.99,5,80,5lb bag,Asian Delight
46,Coffee,Beverages,11.99,6,60,lb,Java House
47,Tea,Beverages,7.99,7,70,box,Tea Time
48,Cereal,Breakfast,5.49,8,65,box,Morning Crunch
49,Granola,Breakfast,6.99,9,40,bag,Healthy Start
50,Honey,Condiments,8.49,10,35,jar,Nature Sweet
51,Fresh Strawberries,Fruits,5.99,21,133,lb,Berry Best
52,Blueberry Pack,Fruits,4.49,71,129,pint,Berry Best
53,Seedless Grapes,Fruits,3.99,72,22,lb,Fresh Farms
54,Navel Oranges,Fruits,4.29,15,39,lb,Fresh Farms
55,Avocado,Fruits,1.99,89,58,each,Fresh Farms
56,Greek Feta Cheese,Dairy,7.99,70,29,8oz,Cheese Co
57,Mozzarella Shredded,Dairy,5.49,48,57,8oz,Cheese Co
58,Butter Unsalted,Dairy,4.99,56,52,lb,Dairy Best
59,Eggs Large,Dairy,3.99,6,98,dozen,Farm Fresh
60,Sour Cream,Dairy,2.99,47,30,16oz,Dairy Best
61,Baguette Fresh,Bakery,2.99,46,73,loaf,French Style
62,Croissants,Bakery,6.99,88,83,6-pack,French Style
63,Bagels Plain,Bakery,4.49,86,46,6-pack,Golden Grain
64,Dinner Rolls,Bakery,3.99,46,124,dozen,Golden Grain
65,Pita Bread,Bakery,3.49,80,59,pack,Mediterranean
66,Ground Turkey,Meat,7.99,31,61,lb,Prime Cuts
67,Pork Chops,Meat,8.49,23,125,lb,Prime Cuts
68,Turkey Breast,Meat,9.99,4,65,lb,Prime Cuts
69,Lamb Chops,Meat,15.99,95,105,lb,Prime Cuts
70,Beef Ribeye,Meat,18.99,53,83,lb,Prime Cuts
71,Bell Peppers,Vegetables,2.99,35,60,lb,Garden Fresh
72,Broccoli,Vegetables,2.49,90,47,lb,Garden Fresh
73,Carrots,Vegetables,1.99,49,29,lb,Garden Fresh
74,Celery,Vegetables,2.29,61,76,bunch,Garden Fresh
75,Cucumber,Vegetables,1.49,26,137,each,Garden Fresh
76,Lettuce Romaine,Vegetables,2.79,45,98,head,Organic Valley
77,Kale,Vegetables,3.49,30,77,bunch,Organic Valley
78,Shrimp,Seafood,12.99,4,69,lb,Ocean Fresh
79,Cod Fillet,Seafood,11.99,52,104,lb,Ocean Fresh
80,Tuna Steaks,Seafood,13.99,36,37,lb,Ocean Fresh
81,Tilapia,Seafood,9.99,36,109,lb,Ocean Fresh
82,Soy Milk,Dairy Alternative,4.49,83,150,half gallon,Nutty Delight
83,Oat Milk,Dairy Alternative,5.49,52,104,half gallon,Nutty Delight
84,Coconut Milk,Dairy Alternative,4.99,4,49,carton,Nutty Delight
85,Apple Juice,Beverages,4.99,34,65,half gallon,Citrus Grove
86,Grape Juice,Beverages,5.49,75,87,half gallon,Citrus Grove
87,Coffee Beans,Beverages,11.99,5,47,lb,Java House
88,Green Tea,Beverages,7.99,77,131,box,Tea Time
89,Pasta Spaghetti,Pantry,2.99,45,100,lb,Italian Best
90,Pasta Penne,Pantry,2.99,56,150,lb,Italian Best
91,Rice White,Pantry,8.99,15,118,5lb bag,Asian Delight
92,Rice Brown,Pantry,9.99,74,68,5lb bag,Asian Delight
93,Olive Oil,Pantry,12.99,33,31,bottle,Mediterranean
94,Vegetable Oil,Pantry,8.99,91,131,bottle,Mediterranean
95,Cereal Corn Flakes,Breakfast,5.49,1,70,box,Morning Crunch
96,Cereal Oats,Breakfast,6.99,47,130,box,Morning Crunch
97,Granola,Breakfast,6.99,9,104,bag,Healthy Start
98,Honey,Condiments,8.49,80,100,jar,Nature Sweet
99,Maple Syrup,Condiments,9.99,85,51,bottle,Nature Sweet
100,Peanut Butter,Condiments,5.99,93,96,jar,Nutty Delight
101,Fresh Mayo,Snacks,12.85,853,104,half gallon,Italian Best
102,Ice Cream Vanilla,Pantry,17.93,577,163,32oz,Healthy Start
103,Mustard,Beverages,16.59,445,171,oz,French Style
104,Mustard,Breakfast,8.14,664,185,16oz,Morning Crunch
105,Extra Beef Ribeye,Snacks,13.64,480,121,loaf,Prime Cuts
106,Classic Baguette Fresh,Seafood,4.66,862,73,loaf,Garden Fresh
107,Ice Cream Chocolate,Condiments,2.85,526,37,each,Prime Cuts
108,Ice Cream Vanilla,Vegetables,10.35,364,75,32oz,Artisan Bake
109,Chicken Noodle Soup,Breakfast,2.28,184,56,box,Farm Fresh
110,Almond Butter,Beverages,17.77,602,195,pack,Java House
111,Classic Hot Sauce,Condiments,16.53,217,57,oz,Tea Time
112,Extra Baguette Fresh,Seafood,17.68,548,14,bag,Ocean Fresh
113,Fresh Strawberries,Fruits,5.08,709,113,box,Healthy Start
114,Fresh Guacamole,Condiments,16.63,708,182,6-pack,French Style
115,Organic Almond Butter,Dairy,4.42,836,14,half gallon,Golden Grain
116,Premium Cucumber,Pantry,13.67,447,170,16oz,Organic Valley
117,Frozen Veggies,Seafood,15.84,433,15,bottle,Garden Fresh
118,Pita Bread,Dairy,15.29,483,15,bottle,Morning Crunch
119,Soy Sauce,Meat,7.3,342,12,each,Asian Delight
120,Dinner Rolls,Frozen,9.76,755,158,bottle,Mediterranean
121,Fresh Hummus,Fruits,10.76,606,195,jar,Healthy Start
122,Classic Cheese Slices,Meat,14.85,433,157,lb,Nature Sweet
123,Rice White,Seafood,18.06,120,136,bottle,Mediterranean
124,Fresh Yogurt Vanilla,Pantry,14.55,295,195,oz,Fresh Farms
125,Cucumber,Pantry,6.17,931,185,bunch,Cheese Co
126,Classic Vegetable Oil,Dairy,17.89,854,182,bag,Asian Delight
127,Premium Granola,Condiments,5.72,133,54,bottle,Prime Cuts
128,Lettuce Romaine,Pantry,3.81,311,70,bottle,Mediterranean
129,Kale,Fruits,8.45,694,50,6-pack,Citrus Grove
130,Extra Carrots,Fruits,16.51,117,168,bag,Tea Time
131,Tuna Steaks,Meat,10.74,788,21,6-pack,Tea Time
132,Canned Beans,Dairy,17.35,686,36,head,Nature Sweet
133,Classic Mozzarella Shredded,Canned Goods,10.22,801,166,half gallon,Ocean Fresh
134,Organic Cheese Slices,Deli,12.11,172,171,half gallon,Nature Sweet
135,Fresh Ground Turkey,Dairy,15.1,511,197,jar,Morning Crunch
136,Bagels Plain,Bakery,8.01,869,61,half gallon,Garden Fresh
137,Organic BBQ Sauce,Meat,17.02,294,139,pack,Healthy Start
138,Broccoli,Bakery,14.86,645,180,6-pack,Mediterranean
139,Soy Milk,Canned Goods,11.52,822,119,pint,Cheese Co
140,Classic Pickles,Deli,11.28,967,17,6-pack,Farm Fresh
141,BBQ Sauce,Fruits,14.91,87,96,gallon,Nature Sweet
142,Rice White,Canned Goods,4.95,778,19,dozen,Dairy Best
143,Organic Beef Ribeye,Snacks,19.63,997,85,jar,Farm Fresh
144,Ketchup,Snacks,14.6,932,98,pack,Java House
145,Extra Blueberry Pack,Condiments,18.56,660,62,box,Asian Delight
146,Frozen Fruit,Condiments,13.73,795,60,dozen,Italian Best
147,Pasta Spaghetti,Breakfast,8.01,554,82,jar,Garden Fresh
148,Shrimp,Breakfast,7.61,24,17,oz,Tea Time
149,Frozen Fruit,Meat,16.97,518,38,bag,Java House
150,Fresh Butter Unsalted,Snacks,11.12,775,176,each,Ocean Fresh
151,Ground Turkey,Condiments,15.25,242,200,pack,Morning Crunch
152,Chicken Noodle Soup,Snacks,13.97,359,86,16oz,French Style
153,Coffee Beans,Deli,14.86,732,106,pint,Farm Fresh
154,Organic Ice Cream Chocolate,Bakery,11.29,466,35,6-pack,Golden Grain
155,Classic Lamb Chops,Vegetables,3.65,488,64,pint,Mediterranean
156,Soy Sauce,Snacks,11.46,532,111,carton,Artisan Bake
157,Coconut Milk,Snacks,9.61,750,116,bottle,Morning Crunch
158,Bell Peppers,Dairy,10.72,992,190,pint,Morning Crunch
159,Organic Ice Cream Vanilla,Frozen,5.82,765,50,each,Healthy Start
160,Canned Beans,Vegetables,12.82,124,104,half gallon,Mediterranean
161,Canned Tuna,Breakfast,4.75,384,87,loaf,Italian Best
162,Green Tea,Canned Goods,4.56,50,88,bag,Artisan Bake
163,Coffee Beans,Deli,15.3,561,99,half gallon,Fresh Farms
164,Classic Eggs Large,Pantry,12.31,922,96,box,Artisan Bake
165,Maple Syrup,Frozen,17.0,517,172,pint,Garden Fresh
166,Classic Hot Sauce,Dairy,17.58,820,169,gallon,Tea Time
167,Yogurt Vanilla,Meat,18.19,47,181,carton,Tea Time
168,Organic BBQ Sauce,Deli,4.97,646,191,bunch,Fresh Farms
169,Pasta Penne,Vegetables,13.58,979,168,8oz,Prime Cuts
170,Frozen Fruit,Fruits,19.22,769,131,8oz,Nature Sweet
171,Organic Cookies Chocolate,Snacks,18.84,282,62,lb,Berry Best
172,Extra Soy Milk,Pantry,3.51,329,112,head,Nutty Delight
173,Salsa,Deli,18.8,185,116,bag,Tea Time
174,Fresh Navel Oranges,Beverages,6.62,555,53,half gallon,Ocean Fresh
175,Coffee Beans,Seafood,15.82,976,114,loaf,Garden Fresh
176,Broccoli,Bakery,5.26,400,35,loaf,Dairy Best
177,Rice White,Bakery,6.63,208,71,each,Ocean Fresh
178,Hummus,Pantry,11.15,973,39,dozen,Nature Sweet
179,Apple Juice,Pantry,11.95,30,114,bottle,Prime Cuts
180,Organic Tuna Steaks,Seafood,11.96,253,152,half gallon,Artisan Bake
181,Pork Chops,Beverages,10.02,209,46,jar,Organic Valley
182,Honey,Dairy,16.07,985,152,bag,Nutty Delight
183,Soy Sauce,Deli,10.35,669,52,loaf,French Style
184,Fresh Strawberries,Pantry,6.91,360,171,dozen,Citrus Grove
185,Shrimp,Breakfast,7.05,577,27,carton,Berry Best
186,Pasta Spaghetti,Frozen,4.2,287,120,carton,Garden Fresh
187,Kale,Canned Goods,7.72,651,76,pack,Farm Fresh
188,Soy Sauce,Snacks,19.68,471,163,8oz,Tea Time
189,Olive Oil,Frozen,4.4,488,11,head,Fresh Farms
190,Blueberry Pack,Beverages,11.99,552,30,dozen,Healthy Start
191,Sour Cream,Deli,16.68,362,106,half gallon,Morning Crunch
192,Hummus,Dairy,17.09,474,104,half gallon,Fresh Farms
193,Cucumber,Meat,15.37,197,33,6-pack,Citrus Grove
194,Cheese Slices,Canned Goods,14.91,991,102,bottle,Cheese Co
195,Avocado,Frozen,14.72,201,173,lb,Golden Grain
196,Almond Butter,Seafood,12.23,566,59,oz,Healthy Start
197,Canned Corn,Condiments,12.16,132,200,bunch,Prime Cuts
198,Eggs Large,Condiments,17.39,197,183,32oz,Nature Sweet
199,Extra Seedless Grapes,Condiments,6.54,3,119,box,Nutty Delight
200,Fresh Mozzarella Shredded,Beverages,17.19,125,184,32oz,Mediterranean
201,Ice Cream Chocolate,Bakery,11.3,49,81,16oz,Dairy Best
202,Ketchup,Bakery,2.08,84,156,pack,Golden Grain
203,Premium Navel Oranges,Frozen,9.62,202,52,16oz,Prime Cuts
204,Olive Oil,Snacks,13.25,443,16,bottle,Fresh Farms
205,Fresh Salsa,Deli,6.5,245,97,bottle,Ocean Fresh
206,Extra Mozzarella Shredded,Canned Goods,6.25,635,122,head,Prime Cuts
207,Bagels Plain,Condiments,4.24,387,90,each,Dairy Best
208,Organic Eggs Large,Canned Goods,9.94,642,120,head,Java House
209,Eggs Large,Fruits,12.06,412,34,dozen,Java House
210,Premium Yogurt Vanilla,Deli,12.78,11,126,head,Farm Fresh
211,Peanut Butter,Beverages,17.83,348,176,half gallon,French Style
212,Navel Oranges,Bakery,12.57,13,162,half gallon,Ocean Fresh
213,Eggs Large,Deli,5.48,653,140,pint,Artisan Bake
214,Oat Milk,Pantry,15.03,249,45,oz,Morning Crunch
215,Greek Feta Cheese,Seafood,12.51,319,159,6-pack,Nature Sweet
216,Premium Frozen Fruit,Pantry,7.55,378,12,loaf,Tea Time
217,Ice Cream Chocolate,Snacks,4.59,839,153,jar,Cheese Co
218,Mozzarella Shredded,Meat,19.57,805,27,8oz,Organic Valley
219,Vegetable Oil,Pantry,14.5,710,94,head,Morning Crunch
220,Chicken Noodle Soup,Bakery,13.08,167,36,pack,Mediterranean
221,Organic Hot Sauce,Pantry,5.94,710,68,16oz,Fresh Farms
222,Chips Potato,Meat,10.64,211,112,dozen,Tea Time
223,Organic Celery,Bakery,2.17,569,39,lb,Italian Best
224,Lamb Chops,Meat,13.35,999,17,each,Italian Best
225,Lettuce Romaine,Dairy,5.93,348,151,oz,Citrus Grove
226,Soy Milk,Fruits,5.16,22,183,half gallon,Citrus Grove
227,Turkey Breast,Canned Goods,17.92,313,126,8oz,Tea Time
228,Tilapia,Bakery,13.89,903,121,head,Nature Sweet
229,Eggs Large,Dairy,16.3,388,187,carton,Golden Grain
230,Honey,Beverages,19.58,782,167,each,Cheese Co
231,Salsa,Breakfast,7.29,254,23,pack,Garden Fresh
232,Premium Cottage Cheese,Deli,11.14,215,196,bottle,Artisan Bake
233,Extra Baguette Fresh,Vegetables,5.0,384,137,jar,Asian Delight
234,Ice Cream Chocolate,Bakery,14.81,733,136,bottle,Nature Sweet
235,Chips Tortilla,Beverages,13.48,213,66,each,Artisan Bake
236,Lettuce Romaine,Meat,9.12,911,106,bag,Java House
237,Canned Tuna,Deli,8.72,138,31,gallon,Nutty Delight
238,Green Tea,Bakery,6.13,525,169,box,Dairy Best
239,Vegetable Oil,Pantry,9.78,325,79,bottle,Italian Best
240,Maple Syrup,Pantry,6.2,368,31,gallon,Organic Valley
241,Extra Green Tea,Breakfast,13.58,101,40,16oz,Citrus Grove
242,Sour Cream,Breakfast,5.6,257,87,pack,Golden Grain
243,Grape Juice,Condiments,19.95,9,86,32oz,Nutty Delight
244,Classic Coffee Beans,Beverages,16.78,484,177,lb,Organic Valley
245,Premium Ice Cream Vanilla,Deli,9.15,486,69,8oz,Cheese Co
246,Ice Cream Chocolate,Breakfast,15.63,811,31,pack,Morning Crunch
247,Classic Rice White,Canned Goods,18.94,450,125,8oz,Mediterranean
248,Canned Beans,Dairy,12.39,966,198,loaf,Garden Fresh
249,Blueberry Pack,Snacks,17.01,430,118,16oz,Tea Time
250,Extra Jam Strawberry,Seafood,7.86,805,18,bunch,Fresh Farms
251,Turkey Breast,Bakery,12.22,588,110,head,French Style
252,Maple Syrup,Beverages,3.14,487,37,8oz,Asian Delight
253,Olive Oil,Pantry,13.49,176,36,gallon,Java House
254,Canned Tomatoes,Deli,14.39,192,60,lb,Healthy Start
255,Classic Eggs Large,Seafood,5.7,72,126,jar,Java House
256,Butter Unsalted,Fruits,5.08,161,38,dozen,Mediterranean
257,Pork Chops,Pantry,15.37,134,62,8oz,Asian Delight
258,Pasta Penne,Frozen,13.96,589,89,head,Berry Best
259,Salsa,Frozen,14.32,8,46,8oz,Citrus Grove
260,Soy Sauce,Beverages,12.88,337,155,jar,Cheese Co
261,Popcorn,Condiments,2.69,662,126,loaf,Prime Cuts
262,Fresh Cereal Corn Flakes,Beverages,13.02,256,55,bag,Berry Best
263,Classic Yogurt Vanilla,Beverages,18.38,98,110,bunch,Berry Best
264,Greek Feta Cheese,Deli,4.83,299,180,carton,Organic Valley
265,Eggs Large,Frozen,18.23,781,151,bag,Healthy Start
266,Organic Ground Turkey,Canned Goods,3.88,462,52,bag,Tea Time
267,Oat Milk,Fruits,10.31,391,97,box,Prime Cuts
268,Classic Jam Strawberry,Fruits,2.18,335,181,pint,Ocean Fresh
269,Chips Potato,Vegetables,3.48,731,122,16oz,Farm Fresh
270,Turkey Breast,Seafood,17.14,622,35,lb,Berry Best
271,Carrots,Breakfast,15.34,688,12,gallon,Berry Best
272,Apple Juice,Bakery,5.19,222,123,carton,Dairy Best
273,Extra Mozzarella Shredded,Snacks,13.92,400,186,half gallon,Farm Fresh
274,Pasta Penne,Condiments,2.07,952,73,8oz,Asian Delight
275,Premium Honey,Vegetables,2.28,346,59,lb,Fresh Farms
276,Eggs Large,Vegetables,16.33,742,52,oz,Farm Fresh
277,Greek Feta Cheese,Vegetables,16.67,642,58,carton,Tea Time
278,Yogurt Vanilla,Breakfast,9.1,238,64,half gallon,Mediterranean
279,Dinner Rolls,Dairy,2.26,13,109,pack,Organic Valley
280,Shrimp,Vegetables,13.83,378,21,head,Citrus Grove
281,Classic Eggs Large,Seafood,15.81,730,147,half gallon,Healthy Start
282,Canned Corn,Vegetables,12.79,695,187,dozen,Organic Valley
283,Turkey Breast,Snacks,15.7,70,95,bottle,Tea Time
284,Seedless Grapes,Condiments,10.07,516,160,16oz,Nature Sweet
285,Blueberry Pack,Condiments,15.65,243,198,loaf,Ocean Fresh
286,Extra Mustard,Vegetables,3.07,304,61,bottle,Italian Best
287,Beef Ribeye,Snacks,2.67,757,94,box,French Style
288,Turkey Breast,Snacks,16.16,811,116,jar,Dairy Best
289,Premium Coffee Beans,Deli,15.18,211,148,16oz,Tea Time
290,Premium Mozzarella Shredded,Canned Goods,14.36,894,107,head,Cheese Co
291,Ice Cream Chocolate,Pantry,13.33,72,59,bottle,Prime Cuts
292,Mozzarella Shredded,Dairy,18.88,178,161,gallon,Garden Fresh
293,Premium Canned Tomatoes,Meat,11.12,319,52,box,Mediterranean
294,Lettuce Romaine,Dairy,12.9,591,124,loaf,Java House
295,Lettuce Romaine,Canned Goods,10.65,387,52,dozen,Italian Best
296,Chips Tortilla,Breakfast,12.96,840,133,pint,Mediterranean
297,Classic Seedless Grapes,Deli,3.49,551,49,head,Java House
298,Fresh Canned Tomatoes,Beverages,10.34,385,153,loaf,Morning Crunch
299,Guacamole,Bakery,4.45,159,58,8oz,Healthy Start
300,Fresh Strawberries,Breakfast,15.14,415,116,bottle,Italian Best
301,Fresh Almond Butter,Beverages,10.8,73,114,bunch,Organic Valley
302,Organic Avocado,Beverages,18.77,782,121,8oz,Berry Best
303,Fresh Oat Milk,Breakfast,14.75,714,24,6-pack,Organic Valley
304,Premium Peanut Butter,Meat,10.59,715,180,lb,Italian Best
305,Lamb Chops,Pantry,18.99,254,164,32oz,Garden Fresh
306,Premium Chicken Noodle Soup,Fruits,4.09,408,190,dozen,Prime Cuts
307,Organic Salsa,Breakfast,18.37,850,119,oz,Mediterranean
308,Oat Milk,Breakfast,19.41,601,88,dozen,Farm Fresh
309,Organic Pickles,Vegetables,13.44,276,63,pint,Italian Best
310,Almond Butter,Fruits,19.76,100,27,lb,Healthy Start
311,Ketchup,Snacks,7.18,181,105,oz,Mediterranean
312,Premium Celery,Pantry,5.27,581,64,box,Ocean Fresh
313,Celery,Frozen,5.28,924,114,32oz,Golden Grain
314,BBQ Sauce,Condiments,3.96,82,85,oz,Organic Valley
315,Baguette Fresh,Seafood,3.15,241,132,bunch,Fresh Farms
316,Popcorn,Vegetables,2.16,682,159,lb,Citrus Grove
317,Greek Feta Cheese,Breakfast,16.24,533,78,head,Asian Delight
318,Popcorn,Bakery,12.87,699,97,6-pack,Tea Time
319,Fresh Rice White,Snacks,9.16,999,101,each,French Style
320,Organic Olive Oil,Pantry,17.66,27,164,pint,Asian Delight
321,Fresh Ground Turkey,Frozen,15.52,463,168,6-pack,Cheese Co
322,Chips Tortilla,Snacks,5.37,18,172,pack,Organic Valley
323,Fresh Granola,Snacks,9.99,410,199,bottle,French Style
324,Fresh Cheese Slices,Beverages,18.89,752,108,half gallon,Healthy Start
325,Green Tea,Frozen,4.57,804,193,bunch,Nature Sweet
326,Cookies Chocolate,Pantry,16.33,896,129,carton,Java House
327,Organic Broccoli,Pantry,13.92,217,53,16oz,Cheese Co
328,Croissants,Frozen,2.52,785,81,dozen,Tea Time
329,Classic Cod Fillet,Snacks,4.21,649,195,carton,Garden Fresh
330,Popcorn,Frozen,7.98,785,163,bunch,Cheese Co
331,Eggs Large,Beverages,18.37,990,121,carton,Asian Delight
332,Tuna Steaks,Vegetables,7.23,349,199,gallon,Ocean Fresh
333,Organic Salsa,Condiments,8.61,591,198,dozen,Tea Time
334,Fresh Strawberries,Condiments,11.63,328,103,bag,Asian Delight
335,Pork Chops,Condiments,12.62,10,147,dozen,Ocean Fresh
336,Hot Sauce,Deli,18.96,697,126,bottle,Cheese Co
337,Lamb Chops,Dairy,15.44,328,89,head,Dairy Best
338,Organic Cookies Chocolate,Seafood,19.93,647,65,bottle,Artisan Bake
339,Crackers,Beverages,3.05,848,193,pint,Tea Time
340,Premium Kale,Frozen,15.23,745,110,bottle,Berry Best
341,Premium Pasta Spaghetti,Fruits,11.85,695,131,bag,Tea Time
342,Classic Cereal Corn Flakes,Vegetables,11.49,714,59,loaf,Java House
343,Canned Tomatoes,Dairy,7.81,871,191,each,Artisan Bake
344,Pasta Spaghetti,Dairy,12.38,299,47,bottle,Morning Crunch
345,Kale,Frozen,5.51,371,195,lb,Organic Valley
346,Canned Tuna,Canned Goods,19.78,974,119,dozen,Garden Fresh
347,Organic Broccoli,Bakery,19.52,121,141,each,Berry Best
348,Vegetable Oil,Dairy,13.28,35,40,16oz,Asian Delight
349,Tilapia,Seafood,14.37,795,187,dozen,Berry Best
350,Classic Croissants,Seafood,13.37,12,40,6-pack,Morning Crunch
351,Pita Bread,Pantry,13.54,24,160,16oz,Nature Sweet
352,Classic Canned Tuna,Seafood,14.48,186,108,bunch,Ocean Fresh
353,Classic Pretzels,Seafood,12.28,66,192,pack,Ocean Fresh
354,Frozen Veggies,Deli,14.6,838,147,carton,Asian Delight
355,Frozen Pizza,Breakfast,17.06,772,63,half gallon,Nutty Delight
356,Ground Turkey,Condiments,14.5,458,90,carton,Fresh Farms
357,Ground Turkey,Condiments,5.7,576,75,gallon,Berry Best
358,Avocado,Vegetables,11.1,176,118,carton,Italian Best
359,Fresh Strawberries,Fruits,19.02,675,146,loaf,Nature Sweet
360,BBQ Sauce,Pantry,14.5,621,147,6-pack,Nature Sweet
361,Ice Cream Vanilla,Vegetables,13.92,38,58,16oz,Dairy Best
362,Lamb Chops,Deli,5.86,566,65,head,Garden Fresh
363,Salsa,Dairy,15.11,564,75,gallon,Mediterranean
364,Coconut Milk,Dairy,9.19,693,118,32oz,Prime Cuts
365,Lamb Chops,Vegetables,13.32,732,105,8oz,Citrus Grove
366,Canned Corn,Deli,11.2,842,49,bag,Berry Best
367,Classic Rice White,Beverages,2.46,80,79,16oz,French Style
368,Ground Turkey,Snacks,11.86,656,32,pack,Prime Cuts
369,Fresh Granola,Dairy,17.63,11,35,32oz,Cheese Co
370,Premium Maple Syrup,Beverages,19.12,540,196,oz,Ocean Fresh
371,Pasta Penne,Canned Goods,10.8,718,156,6-pack,Nature Sweet
372,Coffee Beans,Condiments,3.77,326,109,oz,Dairy Best
373,Celery,Frozen,14.19,609,113,carton,Nutty Delight
374,Pretzels,Seafood,2.16,674,42,pint,Nature Sweet
375,Lamb Chops,Frozen,6.8,725,73,6-pack,Organic Valley
376,Guacamole,Pantry,5.29,515,83,box,Italian Best
377,Extra Grape Juice,Frozen,17.85,651,32,loaf,Cheese Co
378,Pasta Penne,Bakery,17.2,79,196,gallon,Organic Valley
379,Premium Tilapia,Condiments,3.02,952,136,carton,Java House
380,Classic Blueberry Pack,Snacks,11.15,510,141,bottle,Garden Fresh
381,Frozen Veggies,Beverages,2.24,732,118,lb,Golden Grain
382,Premium Frozen Veggies,Frozen,13.89,44,165,head,Nature Sweet
383,Extra Soy Sauce,Meat,5.14,527,100,pint,Italian Best
384,Mozzarella Shredded,Beverages,5.06,936,183,pack,Ocean Fresh
385,Organic Soy Milk,Seafood,7.38,219,10,32oz,Java House
386,Cottage Cheese,Meat,18.61,846,19,jar,Organic Valley
387,Classic Chips Potato,Fruits,8.39,337,86,box,French Style
388,Cereal Oats,Bakery,18.01,364,12,dozen,Berry Best
389,Bagels Plain,Meat,3.52,421,41,pint,Nature Sweet
390,Popcorn,Canned Goods,13.81,405,105,bottle,Cheese Co
391,Pasta Spaghetti,Dairy,11.65,450,178,half gallon,Citrus Grove
392,BBQ Sauce,Bakery,15.44,905,191,6-pack,Fresh Farms
393,Lettuce Romaine,Seafood,2.71,762,94,bag,Asian Delight
394,Avocado,Meat,19.06,122,117,32oz,Farm Fresh
395,Popcorn,Canned Goods,14.26,770,112,pack,Garden Fresh
396,Classic Cookies Chocolate,Dairy,3.97,130,49,lb,Ocean Fresh
397,Cereal Corn Flakes,Canned Goods,14.31,440,162,pack,Dairy Best
398,Blueberry Pack,Seafood,7.07,254,168,bag,Prime Cuts
399,Premium Beef Ribeye,Meat,7.05,718,73,32oz,Ocean Fresh
400,Mustard,Frozen,16.08,626,56,jar,Ocean Fresh
401,Extra Cucumber,Snacks,13.41,136,112,half gallon,Cheese Co
402,Avocado,Meat,18.71,632,61,lb,Mediterranean
403,Classic Croissants,Beverages,11.44,228,96,16oz,Organic Valley
404,Mustard,Breakfast,9.68,113,78,loaf,Dairy Best
405,Granola,Bakery,14.8,917,22,pack,Cheese Co
406,Celery,Fruits,13.88,293,130,8oz,Tea Time
407,Organic Grape Juice,Beverages,5.32,343,87,6-pack,Healthy Start
408,Pita Bread,Fruits,14.28,370,199,pack,Garden Fresh
409,Extra Granola,Breakfast,12.87,216,159,32oz,Cheese Co
410,Peanut Butter,Vegetables,4.34,43,160,half gallon,French Style
411,Cucumber,Pantry,18.65,634,97,carton,Prime Cuts
412,Premium Pasta Spaghetti,Breakfast,14.96,197,117,pint,Dairy Best
413,Extra Canned Tomatoes,Bakery,18.1,933,121,half gallon,Morning Crunch
414,Eggs Large,Breakfast,18.75,171,163,lb,Nature Sweet
415,Grape Juice,Dairy,7.2,814,187,each,Artisan Bake
416,Classic Cucumber,Pantry,14.31,170,122,gallon,Nature Sweet
417,Ice Cream Vanilla,Canned Goods,9.01,212,57,32oz,French Style
418,Fresh Strawberries,Meat,12.65,467,138,jar,Fresh Farms
419,Frozen Pizza,Deli,5.96,122,53,carton,Citrus Grove
420,Cod Fillet,Meat,7.24,965,81,pint,Organic Valley
421,Turkey Breast,Canned Goods,2.92,548,39,8oz,Cheese Co
422,Fresh Strawberries,Snacks,12.88,86,190,pack,Italian Best
423,Canned Tomatoes,Dairy,9.34,333,24,loaf,French Style
424,Fresh Cottage Cheese,Meat,15.14,263,14,oz,Citrus Grove
425,Frozen Veggies,Deli,16.0,740,200,half gallon,Artisan Bake
426,Fresh Maple Syrup,Deli,13.26,212,123,carton,French Style
427,Cod Fillet,Meat,12.46,457,69,pint,Asian Delight
428,Mayo,Pantry,3.68,190,55,box,Berry Best
429,Cucumber,Frozen,5.24,318,51,lb,Java House
430,Extra Carrots,Meat,3.24,252,126,bag,Prime Cuts
431,Jam Strawberry,Breakfast,4.46,103,106,head,Fresh Farms
432,Peanut Butter,Deli,2.23,136,73,each,Organic Valley
433,Baguette Fresh,Snacks,12.78,556,198,half gallon,Fresh Farms
434,Organic Vegetable Oil,Meat,4.5,836,51,box,Artisan Bake
435,Pasta Penne,Dairy,6.38,643,149,32oz,Nutty Delight
436,Ground Turkey,Fruits,3.84,524,116,half gallon,Java House
437,Lamb Chops,Meat,2.42,151,100,dozen,Mediterranean
438,Coffee Beans,Snacks,8.92,174,38,bottle,Ocean Fresh
439,Cod Fillet,Seafood,8.42,122,102,pack,French Style
440,Extra Baguette Fresh,Dairy,5.2,615,56,pack,Nature Sweet
441,Mustard,Snacks,14.36,357,36,loaf,French Style
442,Fresh Apple Juice,Seafood,16.58,883,48,lb,Prime Cuts
443,Lamb Chops,Beverages,10.03,116,157,gallon,Healthy Start
444,Fresh Mustard,Dairy,3.62,786,108,oz,Garden Fresh
445,Cereal Oats,Beverages,10.65,813,172,head,Mediterranean
446,Olive Oil,Snacks,18.58,563,137,bag,Asian Delight
447,Frozen Veggies,Breakfast,11.64,86,158,dozen,Cheese Co
448,Ketchup,Canned Goods,14.47,241,102,gallon,Cheese Co
449,Fresh Strawberries,Deli,2.3,981,44,bottle,Nutty Delight
450,Pita Bread,Bakery,8.49,472,46,loaf,Garden Fresh
451,Classic Canned Tomatoes,Meat,5.78,765,45,each,Cheese Co
452,Premium Ground Turkey,Beverages,15.19,56,189,6-pack,Mediterranean
453,Dinner Rolls,Vegetables,10.57,31,47,oz,French Style
454,Granola,Meat,3.38,154,56,bag,Artisan Bake
455,Extra Chips Tortilla,Frozen,19.07,740,96,bag,Healthy Start
456,Organic BBQ Sauce,Seafood,3.99,619,54,each,Dairy Best
457,Cookies Chocolate,Beverages,16.98,568,192,box,Farm Fresh
458,Extra Coconut Milk,Seafood,14.76,279,33,oz,Mediterranean
459,Ice Cream Chocolate,Dairy,15.37,58,66,head,Asian Delight
460,Almond Butter,Frozen,19.56,837,187,gallon,French Style
461,Chips Potato,Snacks,13.54,56,105,oz,Asian Delight
462,Mustard,Vegetables,3.87,798,95,head,Italian Best
463,Navel Oranges,Dairy,11.74,612,12,8oz,Prime Cuts
464,Pasta Penne,Meat,13.48,276,31,16oz,Dairy Best
465,Canned Corn,Condiments,19.75,50,90,each,Healthy Start
466,Organic Croissants,Bakery,15.52,200,90,jar,Asian Delight
467,Premium Almond Butter,Frozen,14.13,919,199,bag,Tea Time
468,Cookies Chocolate,Canned Goods,15.94,816,107,bunch,Fresh Farms
469,Pretzels,Deli,2.66,699,128,pint,Berry Best
470,Organic Baguette Fresh,Frozen,6.16,788,193,pint,Golden Grain
471,Extra Bell Peppers,Breakfast,19.85,953,97,jar,French Style
472,Fresh Soy Sauce,Seafood,8.48,913,192,each,Mediterranean
473,Peanut Butter,Condiments,12.91,643,137,bunch,Garden Fresh
474,Premium Bagels Plain,Canned Goods,17.66,511,34,gallon,Nutty Delight
475,Hot Sauce,Seafood,4.9,373,100,bunch,Citrus Grove
476,Croissants,Frozen,15.88,263,123,bottle,Citrus Grove
477,Extra Turkey Breast,Pantry,2.7,419,168,dozen,Java House
478,Pork Chops,Breakfast,17.2,86,184,6-pack,Tea Time
479,Pickles,Seafood,17.78,636,174,each,Farm Fresh
480,Premium Butter Unsalted,Frozen,16.77,874,36,pint,Fresh Farms
481,Green Tea,Condiments,9.18,398,128,16oz,Prime Cuts
482,Croissants,Pantry,13.55,88,56,half gallon,Morning Crunch
483,Classic Dinner Rolls,Canned Goods,9.79,67,91,pack,Asian Delight
484,Classic Vegetable Oil,Meat,14.63,286,126,half gallon,Healthy Start
485,Avocado,Pantry,4.61,582,18,pack,Golden Grain
486,Organic Hummus,Canned Goods,8.5,219,23,bottle,Mediterranean
487,Classic Shrimp,Seafood,6.53,146,27,gallon,Berry Best
488,Grape Juice,Seafood,17.72,538,64,bag,Morning Crunch
489,Coconut Milk,Fruits,3.65,987,86,pack,Mediterranean
490,Broccoli,Beverages,10.66,989,188,oz,Nutty Delight
491,Mayo,Frozen,12.26,802,162,carton,Fresh Farms
492,Lettuce Romaine,Snacks,12.4,681,197,pack,Garden Fresh
493,Rice White,Pantry,18.8,117,182,pack,Healthy Start
494,Pickles,Frozen,2.06,650,125,pint,Morning Crunch
495,Chicken Noodle Soup,Meat,15.41,714,149,bag,Golden Grain
496,Broccoli,Meat,8.26,979,13,bunch,Golden Grain
497,Organic Honey,Seafood,18.13,717,137,half gallon,Nature Sweet
498,Hot Sauce,Bakery,8.33,536,95,bag,Nutty Delight
499,Classic Pita Bread,Beverages,8.71,167,148,head,Nutty Delight
500,Mayo,Deli,13.86,650,82,bag,Farm Fresh
501,Organic Yogurt Vanilla,Vegetables,16.5,666,14,gallon,Ocean Fresh
502,Organic Cheese Slices,Pantry,15.49,103,172,carton,French Style
503,BBQ Sauce,Canned Goods,2.58,217,67,bag,Java House
504,Hot Sauce,Vegetables,5.51,360,128,half gallon,Healthy Start
505,Classic Pickles,Fruits,18.9,291,78,jar,Cheese Co
506,Coconut Milk,Canned Goods,18.36,5,116,16oz,Farm Fresh
507,Avocado,Dairy,16.22,326,95,head,Nature Sweet
508,Classic Broccoli,Meat,11.99,632,174,8oz,Asian Delight
509,Extra Almond Butter,Beverages,4.31,746,54,dozen,Organic Valley
510,Extra Jam Strawberry,Dairy,9.86,517,40,pint,Ocean Fresh
511,Cottage Cheese,Beverages,17.16,858,151,32oz,Organic Valley
512,Premium Bell Peppers,Vegetables,3.67,644,161,lb,Mediterranean
513,Beef Ribeye,Frozen,11.78,392,16,bunch,Prime Cuts
514,Fresh Pork Chops,Dairy,6.3,199,147,loaf,Cheese Co
515,Classic Soy Milk,Canned Goods,6.68,85,46,32oz,Dairy Best
516,Cottage Cheese,Condiments,17.59,950,162,box,Ocean Fresh
517,Ground Turkey,Seafood,6.71,80,136,gallon,Berry Best
518,Premium Granola,Beverages,3.8,76,134,bag,Fresh Farms
519,Cottage Cheese,Snacks,9.55,828,51,box,Tea Time
520,Celery,Dairy,13.86,876,18,head,Organic Valley
521,Fresh Ground Turkey,Pantry,19.9,6,50,carton,French Style
522,Organic Ice Cream Chocolate,Meat,12.9,531,141,lb,Nutty Delight
523,Beef Ribeye,Bakery,4.06,336,45,lb,Golden Grain
524,Cod Fillet,Frozen,18.91,494,61,32oz,Citrus Grove
525,Croissants,Breakfast,13.72,447,141,bottle,Morning Crunch
526,Fresh Jam Strawberry,Dairy,5.55,106,159,dozen,Citrus Grove
527,Salsa,Canned Goods,5.69,905,124,bag,Healthy Start
528,Mustard,Seafood,16.68,622,108,half gallon,French Style
529,Mustard,Bakery,8.72,461,52,gallon,Organic Valley
530,Fresh Avocado,Condiments,9.37,361,111,jar,French Style
531,Navel Oranges,Canned Goods,7.8,252,28,6-pack,Berry Best
532,Shrimp,Bakery,4.6,10,91,half gallon,Tea Time
533,Premium Blueberry Pack,Pantry,12.2,576,26,16oz,Tea Time
534,Peanut Butter,Meat,11.48,285,193,carton,Ocean Fresh
535,Organic Guacamole,Condiments,18.06,326,91,bag,Mediterranean
536,Lettuce Romaine,Canned Goods,10.88,432,40,32oz,Dairy Best
537,Ground Turkey,Condiments,7.87,591,15,16oz,Asian Delight
538,Coffee Beans,Canned Goods,17.4,292,43,box,Fresh Farms
539,Jam Strawberry,Breakfast,18.51,661,14,pack,Dairy Best
540,Eggs Large,Deli,16.44,325,98,32oz,Java House
541,Jam Strawberry,Canned Goods,7.63,403,86,each,French Style
542,Hot Sauce,Snacks,19.4,961,168,6-pack,Ocean Fresh
543,Dinner Rolls,Fruits,16.85,331,186,half gallon,Garden Fresh
544,Mayo,Vegetables,5.43,6,186,carton,Italian Best
545,Mozzarella Shredded,Canned Goods,2.77,77,77,loaf,Dairy Best
546,Olive Oil,Canned Goods,16.61,948,45,oz,Citrus Grove
547,Chicken Noodle Soup,Dairy,7.74,910,115,bunch,Garden Fresh
548,Soy Sauce,Breakfast,11.49,678,135,bottle,Artisan Bake
549,Grape Juice,Frozen,10.68,785,85,32oz,Prime Cuts
550,Baguette Fresh,Deli,17.7,712,29,8oz,Farm Fresh
551,Organic Sour Cream,Meat,2.23,839,108,box,Golden Grain
552,Cucumber,Bakery,5.75,527,90,jar,Artisan Bake
553,Premium Pasta Penne,Deli,11.07,939,103,16oz,Garden Fresh
554,Extra Peanut Butter,Breakfast,5.64,71,81,8oz,Asian Delight
555,Mustard,Seafood,19.12,151,128,half gallon,Artisan Bake
556,Premium Dinner Rolls,Fruits,18.08,30,131,32oz,Berry Best
557,Frozen Pizza,Seafood,4.12,363,120,gallon,Nutty Delight
558,Shrimp,Breakfast,9.75,452,79,each,Tea Time
559,Honey,Snacks,8.88,302,58,8oz,Mediterranean
560,Jam Strawberry,Seafood,11.52,444,37,jar,Healthy Start
561,Mozzarella Shredded,Vegetables,5.94,590,78,each,Dairy Best
562,Tilapia,Vegetables,6.95,402,110,dozen,French Style
563,Bagels Plain,Deli,17.82,211,53,bottle,Citrus Grove
564,Kale,Seafood,14.7,97,57,lb,Java House
565,Extra Cookies Chocolate,Pantry,15.29,323,184,oz,Cheese Co
566,Eggs Large,Bakery,18.19,683,131,lb,Garden Fresh
567,Mustard,Dairy,19.53,696,12,oz,Prime Cuts
568,Hummus,Pantry,12.49,484,38,16oz,Healthy Start
569,Extra Greek Feta Cheese,Snacks,19.82,516,52,jar,Cheese Co
570,Organic Lamb Chops,Seafood,16.46,503,198,box,Tea Time
571,Fresh Cereal Corn Flakes,Snacks,10.75,14,100,box,Italian Best
572,Extra Pasta Spaghetti,Canned Goods,13.94,116,79,bottle,French Style
573,Organic Ice Cream Chocolate,Dairy,19.61,366,137,pint,Cheese Co
574,Navel Oranges,Frozen,14.51,212,200,6-pack,Mediterranean
575,Croissants,Beverages,13.49,921,125,carton,Citrus Grove
576,Frozen Pizza,Snacks,8.27,604,116,dozen,Tea Time
577,Grape Juice,Fruits,12.42,126,120,head,Tea Time
578,Hot Sauce,Canned Goods,16.25,993,12,half gallon,Java House
579,Premium Crackers,Pantry,14.25,639,152,loaf,Nature Sweet
580,Bell Peppers,Seafood,3.15,465,20,lb,Java House
581,Shrimp,Condiments,4.21,6,120,loaf,Healthy Start
582,Cereal Oats,Fruits,2.89,900,82,6-pack,Garden Fresh
583,Cookies Chocolate,Canned Goods,12.08,147,197,32oz,Prime Cuts
584,Lettuce Romaine,Vegetables,7.22,956,100,bottle,Dairy Best
585,Classic Soy Milk,Beverages,9.17,943,87,32oz,Ocean Fresh
586,Hummus,Condiments,9.83,143,184,bunch,Tea Time
587,Lettuce Romaine,Beverages,11.97,88,86,loaf,Java House
588,Classic Canned Corn,Breakfast,5.29,142,144,half gallon,Mediterranean
589,BBQ Sauce,Breakfast,18.82,363,119,box,Italian Best
590,Chips Potato,Beverages,10.29,981,117,lb,Nutty Delight
591,Extra Croissants,Seafood,16.15,383,42,jar,Artisan Bake
592,Yogurt Vanilla,Condiments,17.79,129,113,dozen,Dairy Best
593,Fresh Strawberries,Canned Goods,17.74,87,24,each,Morning Crunch
594,Organic Apple Juice,Bakery,12.69,494,186,bunch,Java House
595,Organic Olive Oil,Frozen,12.51,719,62,each,Nature Sweet
596,Ice Cream Chocolate,Frozen,19.4,917,182,16oz,Garden Fresh
597,Beef Ribeye,Seafood,14.93,639,186,bottle,Fresh Farms
598,Lettuce Romaine,Fruits,4.74,100,73,jar,Ocean Fresh
599,Kale,Fruits,16.98,57,41,dozen,Morning Crunch
600,Pasta Spaghetti,Dairy,16.75,842,166,32oz,Nutty Delight
601,Extra BBQ Sauce,Vegetables,9.77,190,46,lb,Organic Valley
602,Tilapia,Frozen,14.58,492,84,bottle,Golden Grain
603,Green Tea,Condiments,10.86,401,108,32oz,Farm Fresh
604,Dinner Rolls,Deli,9.64,469,40,loaf,Fresh Farms
605,Canned Corn,Condiments,7.44,456,20,head,Organic Valley
606,Classic Cereal Oats,Frozen,10.24,367,138,oz,Fresh Farms
607,Cookies Chocolate,Frozen,11.44,179,177,gallon,Nature Sweet
608,Beef Ribeye,Frozen,12.13,286,178,pint,Morning Crunch
609,Organic Pasta Spaghetti,Deli,13.6,621,178,bottle,Asian Delight
610,Celery,Breakfast,15.95,133,188,32oz,Nature Sweet
611,Rice Brown,Condiments,8.26,70,21,dozen,French Style
612,Premium Navel Oranges,Meat,3.73,957,183,bottle,Ocean Fresh
613,Chips Tortilla,Meat,19.65,922,54,half gallon,Cheese Co
614,Classic Peanut Butter,Vegetables,3.1,39,28,half gallon,Citrus Grove
615,Extra BBQ Sauce,Snacks,17.12,111,188,pack,Berry Best
616,Soy Sauce,Snacks,12.32,259,135,8oz,Golden Grain
617,BBQ Sauce,Meat,5.61,834,145,bag,Berry Best
618,Cucumber,Fruits,13.31,209,18,half gallon,Farm Fresh
619,Fresh Turkey Breast,Canned Goods,9.33,349,57,gallon,Nutty Delight
620,Frozen Pizza,Deli,5.72,361,101,jar,Healthy Start
621,Premium Yogurt Vanilla,Canned Goods,3.2,895,28,dozen,Mediterranean
622,Canned Corn,Canned Goods,11.3,511,69,half gallon,Ocean Fresh
623,Mozzarella Shredded,Bakery,2.4,400,190,32oz,Java House
624,Cereal Oats,Deli,4.83,548,157,gallon,Java House
625,Extra Tilapia,Breakfast,7.61,560,188,each,French Style
626,Pita Bread,Seafood,13.75,432,76,pack,Dairy Best
627,Lettuce Romaine,Canned Goods,3.06,837,197,carton,Golden Grain
628,Organic Olive Oil,Meat,10.87,720,19,head,Artisan Bake
629,Classic Cereal Corn Flakes,Condiments,15.3,491,43,carton,Prime Cuts
630,Organic Apple Juice,Fruits,10.93,442,132,6-pack,Cheese Co
631,Premium Pasta Spaghetti,Fruits,18.75,548,165,8oz,Fresh Farms
632,Maple Syrup,Frozen,2.32,397,106,each,Healthy Start
633,Pork Chops,Beverages,11.88,121,167,box,Ocean Fresh
634,Honey,Bakery,9.85,238,33,16oz,Dairy Best
635,Salsa,Beverages,15.44,47,13,bunch,Nutty Delight
636,Organic Soy Milk,Fruits,4.27,45,90,loaf,Berry Best
637,Cereal Corn Flakes,Meat,19.96,408,132,head,Garden Fresh
638,Ground Turkey,Vegetables,6.49,507,190,8oz,Nutty Delight
639,Premium Cereal Oats,Pantry,14.83,300,177,carton,Italian Best
640,Soy Milk,Seafood,7.73,107,23,jar,Nutty Delight
641,Extra Cereal Corn Flakes,Pantry,7.03,862,143,pint,Golden Grain
642,Tuna Steaks,Breakfast,5.78,37,70,pint,Italian Best
643,BBQ Sauce,Pantry,19.14,857,18,bottle,Fresh Farms
644,Apple Juice,Beverages,7.4,286,166,each,Prime Cuts
645,Peanut Butter,Deli,8.88,230,62,each,Morning Crunch
646,Maple Syrup,Beverages,11.57,33,148,loaf,Farm Fresh
647,Extra Cereal Corn Flakes,Canned Goods,18.07,222,17,bunch,Citrus Grove
648,Extra Vegetable Oil,Beverages,17.57,567,109,half gallon,Dairy Best
649,Extra Coffee Beans,Pantry,9.62,267,51,jar,Artisan Bake
650,Maple Syrup,Meat,4.36,819,184,32oz,Fresh Farms
651,Grape Juice,Meat,15.87,585,111,pack,Java House
652,Avocado,Bakery,6.83,13,41,head,Citrus Grove
653,Pasta Penne,Bakery,17.04,474,14,box,Berry Best
654,BBQ Sauce,Fruits,19.38,224,114,carton,Healthy Start
655,Butter Unsalted,Vegetables,6.97,322,26,carton,French Style
656,BBQ Sauce,Canned Goods,16.15,131,68,bottle,Citrus Grove
657,Cottage Cheese,Deli,13.11,118,177,16oz,Dairy Best
658,Avocado,Breakfast,17.48,43,151,pack,Artisan Bake
659,Tuna Steaks,Frozen,19.85,695,100,lb,Citrus Grove
660,Extra Frozen Fruit,Meat,8.29,455,38,jar,Prime Cuts
661,Ice Cream Vanilla,Meat,7.85,74,174,bag,Italian Best
662,Premium Mustard,Fruits,7.87,999,114,pack,Italian Best
663,Honey,Seafood,13.18,46,84,6-pack,Berry Best
664,Organic Beef Ribeye,Vegetables,12.95,733,199,jar,Tea Time
665,Fresh Ice Cream Vanilla,Meat,8.81,673,195,each,Artisan Bake
666,Beef Ribeye,Snacks,3.4,579,138,16oz,Prime Cuts
667,Canned Tuna,Frozen,9.52,818,23,jar,Ocean Fresh
668,Guacamole,Breakfast,11.36,200,157,32oz,Tea Time
669,Fresh Green Tea,Meat,16.37,467,90,16oz,Italian Best
670,Pita Bread,Pantry,15.18,82,100,6-pack,Mediterranean
671,Canned Beans,Bakery,13.75,460,117,16oz,French Style
672,Tuna Steaks,Deli,19.75,796,114,16oz,Nutty Delight
673,Chicken Noodle Soup,Condiments,6.68,322,40,pack,Java House
674,Baguette Fresh,Breakfast,19.69,648,60,bottle,Artisan Bake
675,Organic Celery,Dairy,4.16,729,130,carton,Citrus Grove
676,Bagels Plain,Fruits,17.0,75,43,oz,Fresh Farms
677,Classic Ice Cream Vanilla,Beverages,8.37,248,192,carton,Asian Delight
678,Green Tea,Deli,18.16,632,37,head,Artisan Bake
679,Greek Feta Cheese,Bakery,19.09,759,121,box,Mediterranean
680,Premium Green Tea,Frozen,5.29,86,48,jar,Artisan Bake
681,Fresh Strawberries,Bakery,14.12,329,122,dozen,Morning Crunch
682,Carrots,Condiments,7.02,305,136,16oz,Ocean Fresh
683,Vegetable Oil,Breakfast,18.14,865,119,jar,Artisan Bake
684,Coffee Beans,Bakery,15.62,834,198,each,Garden Fresh
685,Kale,Seafood,12.34,102,98,pack,French Style
686,Coffee Beans,Seafood,6.92,907,53,16oz,Morning Crunch
687,Fresh Coffee Beans,Condiments,15.55,145,34,32oz,Cheese Co
688,Kale,Breakfast,15.58,925,20,head,Fresh Farms
689,Frozen Fruit,Meat,2.11,209,82,6-pack,Fresh Farms
690,Canned Tuna,Pantry,11.37,941,38,loaf,Morning Crunch
691,Ground Turkey,Beverages,10.87,286,197,pint,Prime Cuts
692,Organic Pita Bread,Frozen,16.27,161,139,pack,Prime Cuts
693,Olive Oil,Snacks,15.23,724,186,gallon,Farm Fresh
694,Organic Rice White,Beverages,3.8,195,152,pack,Nature Sweet
695,Cottage Cheese,Snacks,13.28,601,106,pint,Cheese Co
696,Cod Fillet,Seafood,10.45,752,137,oz,Healthy Start
697,Coffee Beans,Snacks,17.76,4,121,8oz,Nature Sweet
698,Eggs Large,Condiments,5.74,429,186,each,Berry Best
699,Coconut Milk,Snacks,12.5,496,145,6-pack,Organic Valley
700,Premium Celery,Seafood,14.01,613,101,dozen,Healthy Start
701,Frozen Fruit,Vegetables,5.93,993,124,bag,Java House
702,Rice Brown,Beverages,4.07,677,39,pack,Morning Crunch
703,Cereal Corn Flakes,Frozen,4.3,616,115,bottle,Healthy Start
704,Tilapia,Seafood,11.12,576,92,each,Mediterranean
705,Coconut Milk,Beverages,9.03,409,76,bag,Morning Crunch
706,Mozzarella Shredded,Frozen,5.93,316,124,each,Organic Valley
707,Pickles,Dairy,11.64,971,167,half gallon,Organic Valley
708,Cheese Slices,Condiments,11.71,93,190,dozen,Fresh Farms
709,Extra Olive Oil,Vegetables,13.78,371,147,8oz,Nature Sweet
710,Extra Lettuce Romaine,Beverages,17.47,821,51,loaf,Cheese Co
711,Honey,Meat,11.94,37,15,lb,Cheese Co
712,Frozen Pizza,Beverages,16.23,290,87,oz,Dairy Best
713,Navel Oranges,Canned Goods,14.38,768,41,32oz,Dairy Best
714,Maple Syrup,Dairy,16.72,79,28,gallon,Citrus Grove
715,Classic Cookies Chocolate,Fruits,2.26,942,48,head,Nutty Delight
716,Classic Bagels Plain,Meat,16.96,436,141,pack,Java House
717,Seedless Grapes,Pantry,5.64,483,106,bunch,Citrus Grove
718,Green Tea,Meat,19.39,495,82,32oz,Nutty Delight
719,Frozen Veggies,Beverages,2.3,975,105,dozen,Healthy Start
720,Classic Frozen Fruit,Meat,12.39,790,69,dozen,Fresh Farms
721,Soy Sauce,Condiments,3.95,148,171,pack,Java House
722,Baguette Fresh,Dairy,5.73,256,31,bunch,Healthy Start
723,Lamb Chops,Deli,10.51,61,136,16oz,Artisan Bake
724,Oat Milk,Frozen,8.07,330,186,each,Garden Fresh
725,Canned Corn,Deli,2.09,814,135,carton,Golden Grain
726,Frozen Fruit,Snacks,6.23,527,152,bottle,Morning Crunch
727,Classic Baguette Fresh,Frozen,3.39,166,143,lb,Garden Fresh
728,Ground Turkey,Pantry,17.65,907,118,each,Ocean Fresh
729,Crackers,Canned Goods,11.43,429,112,carton,Garden Fresh
730,Blueberry Pack,Beverages,19.91,536,92,32oz,Farm Fresh
731,Extra Cheese Slices,Snacks,4.98,702,62,jar,Java House
732,Fresh Cheese Slices,Breakfast,12.87,216,94,box,Healthy Start
733,Turkey Breast,Frozen,16.92,427,55,pack,Fresh Farms
734,Beef Ribeye,Fruits,7.6,711,34,8oz,Golden Grain
735,Frozen Veggies,Vegetables,3.09,161,27,head,Morning Crunch
736,Cereal Corn Flakes,Meat,8.2,282,82,8oz,Fresh Farms
737,Mustard,Seafood,8.6,575,148,32oz,Asian Delight
738,Lettuce Romaine,Dairy,3.84,183,77,32oz,Golden Grain
739,Canned Corn,Canned Goods,11.39,339,157,dozen,Organic Valley
740,Salsa,Canned Goods,15.26,215,53,bottle,French Style
741,Premium Fresh Strawberries,Vegetables,18.72,147,52,pint,French Style
742,Fresh Chips Tortilla,Vegetables,18.12,524,122,pint,Dairy Best
743,Mustard,Bakery,7.44,574,110,16oz,Ocean Fresh
744,Classic Maple Syrup,Bakery,7.6,544,30,pack,Nature Sweet
745,Premium Guacamole,Snacks,16.99,574,123,bag,Garden Fresh
746,Popcorn,Seafood,14.33,668,99,bag,Nutty Delight
747,Carrots,Bakery,17.39,746,118,6-pack,Farm Fresh
748,Shrimp,Meat,8.87,201,123,lb,Berry Best
749,Granola,Fruits,12.54,933,104,half gallon,Tea Time
750,Oat Milk,Fruits,12.91,658,132,32oz,Dairy Best
751,Almond Butter,Frozen,14.67,995,156,each,Citrus Grove
752,Classic Navel Oranges,Condiments,13.37,485,175,oz,Healthy Start
753,Organic Frozen Fruit,Bakery,2.51,892,43,oz,Garden Fresh
754,Baguette Fresh,Deli,4.14,322,34,each,Morning Crunch
755,Frozen Fruit,Deli,5.49,341,182,lb,French Style
756,Premium Rice White,Condiments,14.99,15,180,jar,Italian Best
757,Jam Strawberry,Snacks,14.04,845,138,8oz,Prime Cuts
758,Organic Lamb Chops,Dairy,9.97,204,186,head,Citrus Grove
759,Cookies Chocolate,Snacks,15.43,281,153,loaf,Fresh Farms
760,Cereal Corn Flakes,Pantry,12.22,953,128,bunch,Prime Cuts
761,Croissants,Vegetables,5.28,326,161,oz,Prime Cuts
762,Premium Cottage Cheese,Canned Goods,2.18,472,30,6-pack,Organic Valley
763,Soy Milk,Snacks,13.55,318,23,pint,Golden Grain
764,Premium Maple Syrup,Seafood,4.52,232,58,bag,Tea Time
765,Premium Apple Juice,Seafood,6.66,95,135,32oz,Morning Crunch
766,Cereal Oats,Bakery,15.89,850,171,box,Nature Sweet
767,Broccoli,Deli,12.52,583,63,carton,Garden Fresh
768,Mayo,Canned Goods,14.27,351,189,8oz,Java House
769,Cookies Chocolate,Frozen,16.29,792,63,jar,Prime Cuts
770,Coconut Milk,Seafood,2.56,675,171,jar,Ocean Fresh
771,Celery,Pantry,12.55,387,178,bunch,Italian Best
772,Fresh Salsa,Frozen,3.87,163,117,lb,Italian Best
773,Chips Tortilla,Snacks,18.24,314,51,6-pack,Berry Best
774,Chips Potato,Canned Goods,2.38,608,157,box,French Style
775,Classic Mayo,Deli,6.37,346,133,head,Italian Best
776,Jam Strawberry,Meat,15.73,432,119,half gallon,Nature Sweet
777,Classic Apple Juice,Condiments,2.5,945,86,oz,Nature Sweet
778,Extra Hummus,Meat,19.12,134,179,pint,Artisan Bake
779,Organic Olive Oil,Vegetables,7.56,470,111,6-pack,Garden Fresh
780,Broccoli,Snacks,4.64,315,30,loaf,Berry Best
781,Celery,Meat,9.85,702,152,pint,Cheese Co
782,Honey,Dairy,8.19,704,110,carton,Healthy Start
783,Classic Shrimp,Deli,10.33,397,42,half gallon,Cheese Co
784,Premium Rice White,Beverages,15.91,612,110,bag,Java House
785,Frozen Veggies,Pantry,14.05,228,165,lb,Artisan Bake
786,Fresh Carrots,Bakery,8.11,614,111,head,Fresh Farms
787,Sour Cream,Dairy,10.99,310,121,8oz,Dairy Best
788,Croissants,Snacks,5.23,319,109,loaf,Garden Fresh
789,Pretzels,Beverages,5.22,855,37,jar,Asian Delight
790,Fresh Chips Potato,Snacks,15.18,823,13,dozen,Organic Valley
791,Bell Peppers,Condiments,11.12,12,134,box,Farm Fresh
792,Jam Strawberry,Fruits,7.44,619,125,half gallon,Citrus Grove
793,Cookies Chocolate,Pantry,14.81,115,55,6-pack,Nutty Delight
794,Mustard,Beverages,17.66,8,96,pint,Prime Cuts
795,Salsa,Breakfast,16.62,50,128,bag,Morning Crunch
796,Coffee Beans,Deli,10.8,911,163,each,Italian Best
797,Honey,Bakery,14.14,274,55,carton,Fresh Farms
798,Green Tea,Fruits,10.03,611,38,each,Java House
799,Extra Cereal Oats,Frozen,9.12,548,34,gallon,Berry Best
800,Classic Pork Chops,Beverages,18.06,706,168,box,Italian Best
801,Extra Soy Milk,Condiments,10.24,382,19,pack,Prime Cuts
802,Lamb Chops,Frozen,13.47,525,195,dozen,Ocean Fresh
803,Baguette Fresh,Snacks,15.48,23,57,dozen,Mediterranean
804,Organic Oat Milk,Deli,18.41,585,76,8oz,Ocean Fresh
805,Pasta Spaghetti,Breakfast,17.37,384,156,each,Cheese Co
806,Chips Tortilla,Beverages,6.94,514,181,32oz,Berry Best
807,Greek Feta Cheese,Dairy,14.2,417,63,lb,Citrus Grove
808,Premium Seedless Grapes,Seafood,6.8,100,66,pack,French Style
809,Cod Fillet,Bakery,5.97,746,192,loaf,French Style
810,Extra Guacamole,Beverages,13.42,399,131,carton,Tea Time
811,Canned Beans,Bakery,7.74,474,200,pint,Morning Crunch
812,Crackers,Frozen,5.05,413,18,32oz,Asian Delight
813,Classic Canned Tuna,Breakfast,19.72,766,145,8oz,Prime Cuts
814,Honey,Canned Goods,7.67,31,49,box,Farm Fresh
815,Yogurt Vanilla,Condiments,8.32,784,15,bag,Mediterranean
816,Coffee Beans,Pantry,19.8,135,106,carton,Asian Delight
817,Organic Guacamole,Vegetables,9.11,585,84,half gallon,Golden Grain
818,Classic Carrots,Breakfast,9.34,923,163,bag,Golden Grain
819,Grape Juice,Bakery,13.33,515,147,pack,Farm Fresh
820,Frozen Veggies,Deli,9.26,846,125,loaf,Morning Crunch
821,Premium Bell Peppers,Beverages,7.18,782,128,pack,Nutty Delight
822,Carrots,Vegetables,8.89,998,117,bag,Organic Valley
823,Pickles,Fruits,13.13,635,138,head,Garden Fresh
824,Baguette Fresh,Frozen,9.35,625,73,pack,Fresh Farms
825,Broccoli,Pantry,14.31,761,163,lb,Italian Best
826,Peanut Butter,Deli,5.46,378,195,box,Berry Best
827,Tilapia,Frozen,18.57,301,26,pint,Tea Time
828,Navel Oranges,Pantry,10.26,455,71,head,Farm Fresh
829,Extra Carrots,Snacks,3.99,894,50,pack,French Style
830,Soy Milk,Vegetables,2.11,888,143,bag,Dairy Best
831,Organic Chips Tortilla,Canned Goods,9.5,124,193,carton,Citrus Grove
832,Guacamole,Breakfast,14.86,848,195,bottle,Morning Crunch
833,Butter Unsalted,Beverages,16.9,410,193,6-pack,Dairy Best
834,Ice Cream Vanilla,Pantry,9.7,150,77,half gallon,Ocean Fresh
835,Organic Chicken Noodle Soup,Frozen,5.03,146,72,pack,Mediterranean
836,Pretzels,Vegetables,7.93,921,191,box,Prime Cuts
837,Fresh Popcorn,Bakery,7.31,807,125,pack,Morning Crunch
838,Coconut Milk,Condiments,2.63,535,83,pint,Garden Fresh
839,Navel Oranges,Bakery,12.13,968,193,loaf,Java House
840,Bell Peppers,Seafood,10.55,159,200,loaf,Morning Crunch
841,Pork Chops,Seafood,17.45,29,64,16oz,Citrus Grove
842,Chicken Noodle Soup,Condiments,2.21,764,142,jar,Italian Best
843,Jam Strawberry,Dairy,19.49,602,138,pint,Organic Valley
844,Rice White,Beverages,17.57,892,144,oz,Healthy Start
845,Pretzels,Beverages,2.25,231,89,pack,Prime Cuts
846,Kale,Seafood,12.95,366,137,8oz,Ocean Fresh
847,Hot Sauce,Snacks,18.3,760,61,16oz,Nature Sweet
848,Granola,Beverages,13.27,69,79,jar,Tea Time
849,Extra Canned Tomatoes,Deli,3.42,581,143,box,Dairy Best
850,Soy Milk,Canned Goods,15.3,234,186,16oz,Organic Valley
851,Hot Sauce,Condiments,6.77,761,58,gallon,Citrus Grove
852,Premium Eggs Large,Breakfast,7.44,250,159,16oz,Golden Grain
853,Chicken Noodle Soup,Vegetables,11.65,809,172,pack,Dairy Best
854,Sour Cream,Vegetables,9.94,103,148,8oz,Healthy Start
855,Salsa,Pantry,7.39,441,38,bunch,Fresh Farms
856,Premium BBQ Sauce,Condiments,16.49,1,74,box,French Style
857,Pickles,Pantry,13.35,495,141,jar,Tea Time
858,Fresh Coffee Beans,Seafood,17.6,282,183,pack,Cheese Co
859,Canned Beans,Snacks,9.91,7,91,bottle,Berry Best
860,Ice Cream Vanilla,Dairy,5.21,97,123,loaf,Mediterranean
861,Vegetable Oil,Breakfast,16.8,782,69,half gallon,Golden Grain
862,Shrimp,Seafood,7.75,106,185,bottle,Nature Sweet
863,Premium Pasta Spaghetti,Condiments,14.08,197,111,oz,Tea Time
864,Extra Broccoli,Snacks,4.82,670,162,bottle,Nature Sweet
865,Fresh Ketchup,Meat,18.78,380,47,loaf,Healthy Start
866,Pasta Penne,Bakery,16.92,316,118,box,Tea Time
867,Canned Corn,Beverages,2.09,992,114,each,Asian Delight
868,Cereal Oats,Dairy,19.54,839,190,lb,Citrus Grove
869,Lettuce Romaine,Frozen,6.6,330,119,lb,Italian Best
870,Maple Syrup,Breakfast,15.29,516,122,head,Golden Grain
871,Grape Juice,Meat,4.88,482,21,bunch,Healthy Start
872,Peanut Butter,Frozen,10.76,601,106,head,Citrus Grove
873,Butter Unsalted,Snacks,8.16,449,82,6-pack,Nutty Delight
874,Pita Bread,Frozen,3.32,895,48,pint,Mediterranean
875,Salsa,Meat,12.1,336,156,16oz,Morning Crunch
876,Fresh Frozen Fruit,Breakfast,11.55,144,27,lb,Java House
877,Fresh Rice White,Canned Goods,10.02,329,129,oz,Golden Grain
878,Tuna Steaks,Bakery,5.57,619,15,32oz,Citrus Grove
879,Turkey Breast,Beverages,9.68,852,145,each,Healthy Start
880,Extra Butter Unsalted,Bakery,2.28,983,139,each,Mediterranean
881,Classic Rice Brown,Seafood,12.34,753,29,gallon,Organic Valley
882,Canned Corn,Breakfast,16.04,818,141,oz,Nutty Delight
883,Croissants,Pantry,12.97,786,185,gallon,Golden Grain
884,Classic Mayo,Pantry,18.0,75,56,pack,Garden Fresh
885,Canned Tuna,Breakfast,16.05,412,157,lb,Mediterranean
886,Green Tea,Deli,9.01,331,119,16oz,Fresh Farms
887,Beef Ribeye,Meat,12.51,469,177,carton,Tea Time
888,Extra Lettuce Romaine,Bakery,18.07,194,47,pint,Artisan Bake
889,Kale,Vegetables,2.46,799,42,each,French Style
890,Frozen Fruit,Vegetables,7.88,674,63,16oz,Tea Time
891,Lettuce Romaine,Beverages,19.83,791,100,8oz,Cheese Co
892,Navel Oranges,Pantry,4.21,455,200,lb,Asian Delight
893,Kale,Pantry,9.88,790,107,8oz,Golden Grain
894,Organic Salsa,Dairy,11.11,125,51,jar,Artisan Bake
895,Kale,Pantry,15.32,426,58,pack,Italian Best
896,Extra Kale,Bakery,10.59,968,126,half gallon,Nature Sweet
897,Seedless Grapes,Canned Goods,9.55,370,89,6-pack,Ocean Fresh
898,Eggs Large,Deli,13.73,667,174,gallon,Cheese Co
899,Organic Peanut Butter,Seafood,15.12,145,73,each,Tea Time
900,Carrots,Dairy,11.33,781,19,bottle,Garden Fresh
901,Butter Unsalted,Meat,17.58,381,168,loaf,Farm Fresh
902,Classic Ketchup,Dairy,5.13,760,181,pint,Nature Sweet
903,Celery,Vegetables,16.15,209,88,bottle,Fresh Farms
904,Jam Strawberry,Deli,6.76,803,16,lb,Tea Time
905,Olive Oil,Pantry,2.61,48,148,bag,Garden Fresh
906,Extra Maple Syrup,Dairy,4.84,919,67,6-pack,Fresh Farms
907,Croissants,Vegetables,4.01,426,147,box,Healthy Start
908,BBQ Sauce,Condiments,16.56,488,130,loaf,Fresh Farms
909,Oat Milk,Snacks,11.71,490,136,half gallon,French Style
910,Canned Tuna,Meat,11.26,676,31,16oz,Garden Fresh
911,Fresh Bagels Plain,Condiments,3.88,190,196,32oz,Cheese Co
912,Pasta Spaghetti,Pantry,14.02,592,78,jar,Nature Sweet
913,Pork Chops,Bakery,13.89,766,108,each,Artisan Bake
914,Cottage Cheese,Meat,19.62,650,18,pint,Fresh Farms
915,Tilapia,Bakery,2.2,879,98,bottle,Healthy Start
916,Cucumber,Deli,19.46,220,126,box,Asian Delight
917,Yogurt Vanilla,Pantry,4.11,947,96,jar,Citrus Grove
918,Premium Vegetable Oil,Seafood,8.13,468,179,carton,Healthy Start
919,Bagels Plain,Bakery,15.73,801,103,gallon,Citrus Grove
920,Mustard,Breakfast,4.26,850,38,box,Cheese Co
921,Ground Turkey,Seafood,4.26,464,121,loaf,Italian Best
922,Organic Canned Tomatoes,Deli,19.48,840,140,dozen,Berry Best
923,Cucumber,Snacks,5.98,752,200,8oz,Fresh Farms
924,Cereal Oats,Canned Goods,4.72,49,146,jar,Nature Sweet
925,Granola,Frozen,19.04,384,50,oz,Nature Sweet
926,Bagels Plain,Snacks,13.41,864,193,16oz,French Style
927,Beef Ribeye,Condiments,9.62,51,112,32oz,Golden Grain
928,Green Tea,Breakfast,19.49,330,44,box,Healthy Start
929,Pasta Spaghetti,Seafood,14.74,214,197,loaf,Farm Fresh
930,Cheese Slices,Vegetables,3.06,148,133,pint,Mediterranean
931,Premium Bell Peppers,Beverages,16.14,401,161,bag,Organic Valley
932,Cucumber,Bakery,3.26,915,112,pint,Citrus Grove
933,Extra Ground Turkey,Snacks,4.72,689,80,pint,Morning Crunch
934,Rice Brown,Vegetables,11.36,791,170,half gallon,Nature Sweet
935,Hummus,Snacks,9.88,761,166,carton,Ocean Fresh
936,Hot Sauce,Canned Goods,18.38,973,20,32oz,Tea Time
937,Fresh Maple Syrup,Vegetables,13.27,173,191,bunch,Mediterranean
938,Premium Popcorn,Breakfast,3.84,886,102,head,French Style
939,Classic Tilapia,Deli,14.62,59,173,bag,Mediterranean
940,Fresh Dinner Rolls,Deli,15.02,656,140,32oz,Citrus Grove
941,Olive Oil,Deli,6.51,14,35,gallon,Italian Best
942,Popcorn,Pantry,5.97,107,191,32oz,Mediterranean
943,Popcorn,Deli,12.17,892,180,jar,French Style
944,Maple Syrup,Vegetables,12.62,590,34,half gallon,Organic Valley
945,Premium Ground Turkey,Bakery,12.43,835,110,bag,French Style
946,Greek Feta Cheese,Canned Goods,9.91,885,143,bunch,Morning Crunch
947,Classic Avocado,Snacks,18.34,186,16,bunch,Golden Grain
948,Organic Cottage Cheese,Seafood,18.56,870,74,box,Fresh Farms
949,Fresh Cereal Oats,Bakery,19.51,457,22,32oz,Cheese Co
950,Rice Brown,Snacks,6.73,572,150,8oz,Berry Best
951,Fresh Rice Brown,Canned Goods,16.67,342,100,gallon,Healthy Start
952,Cheese Slices,Canned Goods,17.04,849,88,pack,Cheese Co
953,Organic Bagels Plain,Snacks,9.3,655,57,bottle,French Style
954,Maple Syrup,Deli,14.72,826,122,pack,Italian Best
955,Premium Granola,Bakery,2.28,318,139,bunch,Golden Grain
956,Canned Beans,Breakfast,11.68,713,29,head,Asian Delight
957,Lettuce Romaine,Frozen,12.75,873,77,dozen,Farm Fresh
958,Extra Lamb Chops,Bakery,9.13,866,198,half gallon,Asian Delight
959,Green Tea,Vegetables,7.82,846,20,box,Cheese Co
960,Soy Milk,Snacks,19.86,230,187,bottle,Fresh Farms
961,Cod Fillet,Meat,9.92,13,85,pint,Golden Grain
962,Extra Soy Milk,Pantry,17.07,565,155,carton,Mediterranean
963,Cucumber,Deli,11.32,910,109,bunch,Asian Delight
964,Fresh Coconut Milk,Canned Goods,16.42,374,70,6-pack,Mediterranean
965,Rice White,Vegetables,19.24,881,189,pack,Garden Fresh
966,Extra Soy Milk,Dairy,3.73,549,90,bottle,Nature Sweet
967,Extra Dinner Rolls,Meat,14.95,841,67,carton,Organic Valley
968,Chips Potato,Deli,2.95,510,161,box,French Style
969,Mayo,Dairy,2.39,666,24,carton,Morning Crunch
970,Cereal Corn Flakes,Frozen,4.65,67,194,6-pack,Farm Fresh
971,Grape Juice,Frozen,2.49,442,190,bottle,French Style
972,Premium Turkey Breast,Snacks,10.13,339,69,loaf,Nutty Delight
973,Extra Canned Corn,Beverages,4.59,323,11,bunch,Nutty Delight
974,Cheese Slices,Canned Goods,8.44,629,26,gallon,Ocean Fresh
975,Frozen Pizza,Dairy,15.18,793,55,head,Cheese Co
976,Celery,Pantry,15.11,97,113,gallon,Tea Time
977,Classic Canned Tuna,Canned Goods,9.33,868,97,pint,Healthy Start
978,Celery,Bakery,5.18,512,33,32oz,Mediterranean
979,Celery,Meat,6.07,348,125,gallon,Organic Valley
980,Bagels Plain,Fruits,17.82,61,184,carton,Dairy Best
981,Honey,Fruits,19.33,5,93,lb,Nature Sweet
982,Peanut Butter,Canned Goods,18.28,880,27,6-pack,Artisan Bake
983,Carrots,Condiments,10.96,1000,98,8oz,Nutty Delight
984,Premium Bagels Plain,Condiments,8.73,724,55,box,Berry Best
985,Cookies Chocolate,Deli,10.0,958,147,each,French Style
986,Fresh Ground Turkey,Seafood,3.93,605,142,oz,Farm Fresh
987,Classic Broccoli,Meat,12.85,961,126,pack,French Style
988,Classic Canned Tomatoes,Vegetables,14.03,253,103,pack,Prime Cuts
989,Lamb Chops,Deli,10.82,367,25,each,Asian Delight
990,Extra Pretzels,Vegetables,17.25,934,144,pack,Prime Cuts
991,Canned Corn,Breakfast,11.38,290,92,8oz,Nutty Delight
992,Turkey Breast,Meat,7.26,414,121,bag,Organic Valley
993,Maple Syrup,Fruits,10.83,496,166,carton,Tea Time
994,Peanut Butter,Canned Goods,15.86,541,20,each,Farm Fresh
995,Fresh Cucumber,Condiments,15.45,178,174,carton,Artisan Bake
996,Extra Rice White,Fruits,2.84,193,100,dozen,Java House
997,Frozen Veggies,Deli,14.3,537,55,jar,Mediterranean
998,Ice Cream Vanilla,Frozen,2.79,469,57,half gallon,Golden Grain
999,Organic Cod Fillet,Frozen,5.65,656,166,bunch,Golden Grain
1000,Blueberry Pack,Beverages,5.7,5,71,loaf,Ocean Fresh
