user_id,name,email,phone,gender,registration_date,location_id,age
1,Alice Johnson,alice.j@email.com,555-1001,Female,2024-01-15,1,32
2,Bob Williams,bob.w@email.com,555-1002,Male,2024-01-18,2,28
3,Carol Davis,carol.d@email.com,555-1003,Female,2024-02-03,1,45
4,David Miller,david.m@email.com,555-1004,Male,2024-02-10,3,37
5,Emma Wilson,emma.w@email.com,555-1005,Female,2024-02-15,4,29
6,Frank Moore,frank.m@email.com,555-1006,Male,2024-03-01,5,51
7,Grace Taylor,grace.t@email.com,555-1007,Female,2024-03-05,2,34
8,Henry Anderson,henry.a@email.com,555-1008,Male,2024-03-12,6,42
9,Iris Thomas,iris.t@email.com,555-1009,Female,2024-03-20,7,26
10,Jack Jackson,jack.j@email.com,555-1010,Male,2024-04-02,3,38
11,Karen White,karen.w@email.com,555-1011,Female,2024-04-08,8,55
12,Leo Harris,leo.h@email.com,555-1012,Male,2024-04-15,9,31
13,Maria Martin,maria.m@email.com,555-1013,Female,2024-05-01,4,27
14,Nathan Garcia,nathan.g@email.com,555-1014,Male,2024-05-10,10,44
15,Olivia Martinez,olivia.m@email.com,555-1015,Female,2024-05-18,5,36
16,Paul Robinson,paul.r@email.com,555-1016,Male,2024-06-03,11,49
17,Quinn Clark,quinn.c@email.com,555-1017,Female,2024-06-12,1,33
18,Ryan Rodriguez,ryan.r@email.com,555-1018,Male,2024-06-20,12,40
19,Sophia Lewis,sophia.l@email.com,555-1019,Female,2024-07-05,2,30
20,Thomas Lee,thomas.l@email.com,555-1020,Male,2024-07-15,13,47
21,Uma Walker,uma.w@email.com,555-1021,Female,2024-07-22,6,28
22,Victor Hall,victor.h@email.com,555-1022,Male,2024-08-01,14,35
23,Wendy Allen,wendy.a@email.com,555-1023,Female,2024-08-10,7,41
24,Xavier Young,xavier.y@email.com,555-1024,Male,2024-08-18,15,52
25,Yara King,yara.k@email.com,555-1025,Female,2024-09-02,3,29
26,Zachary Wright,zachary.w@email.com,555-1026,Male,2024-09-10,8,46
27,Ava Lopez,ava.l@email.com,555-1027,Female,2024-09-15,9,31
28,Brian Hill,brian.h@email.com,555-1028,Male,2024-10-01,4,39
29,Chloe Scott,chloe.s@email.com,555-1029,Female,2024-10-12,10,27
30,Daniel Green,daniel.g@email.com,555-1030,Male,2024-10-20,5,43
31,Ella Adams,ella.a@email.com,555-1031,Female,2024-11-01,11,34
32,Felix Baker,felix.b@email.com,555-1032,Male,2024-11-08,1,48
33,Gina Nelson,gina.n@email.com,555-1033,Female,2024-11-15,12,25
34,Harry Carter,harry.c@email.com,555-1034,Male,2024-11-22,2,37
35,Ivy Mitchell,ivy.m@email.com,555-1035,Female,2024-12-01,13,42
36,Jason Perez,jason.p@email.com,555-1036,Male,2024-12-08,3,29
37,Kelly Roberts,kelly.r@email.com,555-1037,Female,2024-12-15,14,53
38,Liam Turner,liam.t@email.com,555-1038,Male,2024-12-20,6,33
39,Mia Phillips,mia.p@email.com,555-1039,Female,2025-01-05,15,28
40,Noah Campbell,noah.c@email.com,555-1040,Male,2025-01-15,7,45
41,Gina Lee,gina.lee@email.com,555-7691,Female,2024-07-25,19,53
42,Iris Martin,iris.martin@email.com,555-7888,Female,2024-12-12,12,57
43,Kate Lee,kate.lee@email.com,555-7653,Male,2024-06-04,19,31
44,Ben Turner,ben.turner@email.com,555-6279,Female,2024-08-14,29,61
45,Nathan Nelson,nathan.nelson@email.com,555-8752,Male,2024-12-03,6,36
46,Gina Campbell,gina.campbell@email.com,555-6491,Male,2024-04-30,20,32
47,Maria Jackson,maria.jackson@email.com,555-1400,Male,2024-05-05,31,57
48,Xander Wilson,xander.wilson@email.com,555-8461,Female,2024-11-18,13,63
49,Sam King,sam.king@email.com,555-9099,Female,2024-05-04,10,59
50,Sam Johnson,sam.johnson@email.com,555-2746,Female,2024-04-22,12,69
51,Sam Carter,sam.carter@email.com,555-8611,Male,2024-10-12,16,25
52,Derek Thomas,derek.thomas@email.com,555-8612,Female,2024-08-14,33,45
53,Jason Scott,jason.scott@email.com,555-3607,Female,2024-08-18,17,66
54,Paul Rodriguez,paul.rodriguez@email.com,555-9540,Female,2024-11-16,16,35
55,Claire Wilson,claire.wilson@email.com,555-5681,Male,2024-05-19,22,38
56,Ivy Moore,ivy.moore@email.com,555-3267,Male,2024-04-28,25,62
57,Jack Garcia,jack.garcia@email.com,555-2052,Female,2024-07-27,22,52
58,Derek Lopez,derek.lopez@email.com,555-2020,Male,2024-08-03,25,67
59,Luke Williams,luke.williams@email.com,555-7232,Female,2024-01-04,23,37
60,Willa King,willa.king@email.com,555-7865,Male,2024-09-06,15,35
61,Ben Baker,ben.baker@email.com,555-1475,Female,2024-06-21,26,64
62,Karen Green,karen.green@email.com,555-3091,Male,2024-07-20,2,23
63,Pam Hill,pam.hill@email.com,555-3223,Female,2024-04-03,4,34
64,Yara Walker,yara.walker@email.com,555-4467,Female,2024-06-16,22,66
65,Yara Rodriguez,yara.rodriguez@email.com,555-7906,Female,2024-02-11,31,19
66,Vince Mitchell,vince.mitchell@email.com,555-1853,Female,2024-04-24,5,67
67,Pam Davis,pam.davis@email.com,555-1508,Male,2024-04-12,2,57
68,Jack Robinson,jack.robinson@email.com,555-3068,Female,2024-12-08,8,54
69,Nathan Green,nathan.green@email.com,555-5198,Female,2024-03-26,8,67
70,Karen Lee,karen.lee@email.com,555-2771,Male,2024-06-08,25,43
71,Tracy Martin,tracy.martin@email.com,555-2245,Male,2024-02-22,20,61
72,Mia Anderson,mia.anderson@email.com,555-1672,Female,2024-09-29,28,60
73,Xavier Wilson,xavier.wilson@email.com,555-9289,Female,2024-01-07,27,70
74,Felix Taylor,felix.taylor@email.com,555-8102,Female,2024-11-21,30,63
75,Jack Hill,jack.hill@email.com,555-3885,Female,2024-11-11,35,67
76,Elena Green,elena.green@email.com,555-8136,Female,2024-06-14,16,23
77,Rachel Scott,rachel.scott@email.com,555-4995,Female,2024-10-18,25,39
78,Bob Baker,bob.baker@email.com,555-6325,Male,2024-09-06,14,40
79,Quinn Hall,quinn.hall@email.com,555-5581,Female,2024-10-11,1,51
80,Maria Moore,maria.moore@email.com,555-4954,Female,2024-09-07,16,62
81,Elena Baker,elena.baker@email.com,555-8342,Male,2024-02-17,19,32
82,Zack Robinson,zack.robinson@email.com,555-6016,Female,2024-08-30,34,40
83,Ben Perez,ben.perez@email.com,555-6419,Female,2024-12-25,30,35
84,Tina Clark,tina.clark@email.com,555-4777,Male,2024-04-08,21,25
85,Vince Mitchell,vince.mitchell@email.com,555-4033,Male,2024-04-20,31,35
86,Ursula Turner,ursula.turner@email.com,555-9595,Female,2024-02-21,13,36
87,Olivia Young,olivia.young@email.com,555-3939,Female,2024-01-08,35,26
88,Rachel Davis,rachel.davis@email.com,555-1893,Female,2024-12-23,9,58
89,Willa Baker,willa.baker@email.com,555-2680,Male,2024-10-20,19,48
90,Elena Scott,elena.scott@email.com,555-6582,Male,2024-01-27,17,48
91,Henry Wilson,henry.wilson@email.com,555-7565,Female,2024-02-07,4,27
92,Jack Roberts,jack.roberts@email.com,555-5978,Male,2024-05-07,8,53
93,Willa Lopez,willa.lopez@email.com,555-4697,Female,2024-08-18,29,37
94,Luke Hill,luke.hill@email.com,555-6003,Male,2024-11-08,7,66
95,Nathan Garcia,nathan.garcia@email.com,555-5335,Male,2024-03-21,16,29
96,Jason Wilson,jason.wilson@email.com,555-3564,Male,2024-07-28,29,62
97,Mia Adams,mia.adams@email.com,555-5771,Male,2024-04-28,19,63
98,Steve Green,steve.green@email.com,555-2166,Male,2024-05-15,13,45
99,Henry Mitchell,henry.mitchell@email.com,555-4683,Male,2024-05-16,10,22
100,David White,david.white@email.com,555-6039,Female,2024-08-12,8,47
101,Sam Lee,sam.lee@email.com,555-7594,Female,2024-09-13,35,49
102,Claire Moore,claire.moore@email.com,555-1653,Female,2024-06-14,17,19
103,Frank Martinez,frank.martinez@email.com,555-1339,Female,2024-10-22,3,66
104,Willa Harris,willa.harris@email.com,555-8708,Female,2024-05-22,12,55
105,Ben Baker,ben.baker@email.com,555-2494,Female,2024-06-27,27,39
106,Uma Taylor,uma.taylor@email.com,555-3634,Female,2024-07-29,32,36
107,Quincy Wright,quincy.wright@email.com,555-1601,Female,2024-02-15,21,34
108,Uma Anderson,uma.anderson@email.com,555-7622,Male,2024-12-02,35,47
109,Amy Miller,amy.miller@email.com,555-4073,Female,2024-11-14,32,58
110,Claire Miller,claire.miller@email.com,555-4335,Female,2024-10-08,9,36
111,Claire Baker,claire.baker@email.com,555-2989,Male,2024-11-18,16,63
112,Karen Lee,karen.lee@email.com,555-1224,Female,2024-02-17,15,25
113,Derek Anderson,derek.anderson@email.com,555-3522,Female,2024-05-29,33,63
114,Rachel Lopez,rachel.lopez@email.com,555-8905,Female,2024-05-04,30,53
115,Jack King,jack.king@email.com,555-4122,Male,2024-02-05,18,67
116,Amy Hall,amy.hall@email.com,555-9318,Female,2024-01-02,19,64
117,Tina Turner,tina.turner@email.com,555-9022,Male,2024-08-16,35,48
118,Wendy Hall,wendy.hall@email.com,555-9903,Female,2024-08-21,21,30
119,Sam Robinson,sam.robinson@email.com,555-7274,Male,2024-07-29,3,38
120,Vince Adams,vince.adams@email.com,555-7246,Female,2024-12-05,10,49
121,Carol Thomas,carol.thomas@email.com,555-9229,Female,2024-02-21,29,24
122,Hugo Green,hugo.green@email.com,555-1251,Male,2024-07-28,10,22
123,Elena Clark,elena.clark@email.com,555-6546,Female,2024-11-28,6,39
124,Rita Mitchell,rita.mitchell@email.com,555-7226,Female,2024-11-16,32,52
125,Carol Campbell,carol.campbell@email.com,555-2121,Male,2024-11-19,19,32
126,Vince Moore,vince.moore@email.com,555-8110,Male,2024-11-20,7,46
127,Karen Lee,karen.lee@email.com,555-1474,Male,2024-06-15,4,36
128,Wendy Young,wendy.young@email.com,555-8056,Male,2024-05-05,34,44
129,Kate Harris,kate.harris@email.com,555-3785,Male,2024-02-10,25,57
130,Rita Robinson,rita.robinson@email.com,555-9153,Male,2024-04-28,30,58
131,Quinn Green,quinn.green@email.com,555-5183,Male,2024-08-26,19,61
132,Ivy White,ivy.white@email.com,555-2210,Female,2024-06-25,20,58
133,Ben Clark,ben.clark@email.com,555-8484,Female,2024-04-11,25,48
134,Grace Robinson,grace.robinson@email.com,555-7248,Female,2024-10-21,19,62
135,Steve Williams,steve.williams@email.com,555-7484,Female,2024-01-05,4,56
136,Vince Baker,vince.baker@email.com,555-5689,Male,2024-11-06,23,32
137,Oscar Martin,oscar.martin@email.com,555-5106,Male,2024-11-17,7,58
138,Pam Davis,pam.davis@email.com,555-6061,Female,2024-01-18,24,64
139,Iris Moore,iris.moore@email.com,555-5835,Female,2024-07-31,12,30
140,Iris Mitchell,iris.mitchell@email.com,555-6994,Female,2024-03-25,17,70
141,Elena Lewis,elena.lewis@email.com,555-6549,Male,2024-08-27,5,27
142,Willa Martinez,willa.martinez@email.com,555-7511,Female,2024-02-16,26,18
143,Quinn Mitchell,quinn.mitchell@email.com,555-3024,Female,2024-07-07,17,55
144,Yara Young,yara.young@email.com,555-2775,Male,2024-08-29,2,57
145,Jason Walker,jason.walker@email.com,555-4626,Male,2024-11-21,30,62
146,Tina Lopez,tina.lopez@email.com,555-2911,Male,2024-01-24,3,37
147,Felix Anderson,felix.anderson@email.com,555-2592,Male,2024-10-02,9,42
148,Derek Young,derek.young@email.com,555-9850,Female,2024-10-27,10,44
149,Pam Taylor,pam.taylor@email.com,555-9017,Female,2024-05-23,3,62
150,Xavier Garcia,xavier.garcia@email.com,555-8264,Female,2024-04-30,24,24
151,Rita Young,rita.young@email.com,555-9920,Female,2024-02-01,26,35
152,Maria Anderson,maria.anderson@email.com,555-8450,Male,2024-12-05,14,59
153,Oscar Phillips,oscar.phillips@email.com,555-1349,Male,2024-06-19,16,26
154,Kate Garcia,kate.garcia@email.com,555-2124,Male,2024-10-27,14,70
155,Olivia Hall,olivia.hall@email.com,555-3417,Male,2024-05-21,10,26
156,Ivy Clark,ivy.clark@email.com,555-3858,Male,2024-12-04,2,26
157,Alice Allen,alice.allen@email.com,555-4898,Female,2024-01-09,12,34
158,David Thomas,david.thomas@email.com,555-7897,Male,2024-02-02,31,46
159,Xander Young,xander.young@email.com,555-9408,Male,2024-08-19,33,32
160,Noah Davis,noah.davis@email.com,555-9543,Female,2024-08-22,2,21
161,Elena Wright,elena.wright@email.com,555-7984,Male,2024-09-08,29,22
162,Frank Walker,frank.walker@email.com,555-3430,Male,2024-03-05,18,57
163,Oscar Turner,oscar.turner@email.com,555-9984,Female,2024-07-14,34,36
164,Derek Nelson,derek.nelson@email.com,555-8048,Male,2024-12-25,8,59
165,Pam Perez,pam.perez@email.com,555-4522,Female,2024-08-19,15,44
166,Victor Green,victor.green@email.com,555-7532,Female,2024-02-18,21,45
167,Uma Clark,uma.clark@email.com,555-7132,Male,2024-12-17,31,22
168,Frank Moore,frank.moore@email.com,555-2527,Female,2024-02-19,24,69
169,Iris Perez,iris.perez@email.com,555-1982,Female,2024-12-09,8,44
170,Wendy Hill,wendy.hill@email.com,555-1842,Female,2024-11-03,20,40
171,Grace Roberts,grace.roberts@email.com,555-9313,Male,2024-03-20,31,32
172,Grace Allen,grace.allen@email.com,555-7022,Male,2024-05-22,15,69
173,Ben Perez,ben.perez@email.com,555-1430,Female,2024-01-15,12,35
174,Sam Lee,sam.lee@email.com,555-6567,Female,2024-01-04,12,27
175,Kate Wright,kate.wright@email.com,555-2140,Male,2024-11-20,2,23
176,Vince Carter,vince.carter@email.com,555-4524,Female,2024-08-02,30,39
177,Karen Young,karen.young@email.com,555-6105,Female,2024-10-17,6,21
178,Jack White,jack.white@email.com,555-1815,Male,2024-05-19,29,60
179,Ben Baker,ben.baker@email.com,555-8242,Female,2024-05-19,14,66
180,Gina Anderson,gina.anderson@email.com,555-6655,Female,2024-02-26,19,61
181,Rita Turner,rita.turner@email.com,555-8972,Female,2024-01-24,15,43
182,Mia Miller,mia.miller@email.com,555-1125,Male,2024-06-03,14,67
183,Iris Clark,iris.clark@email.com,555-5742,Female,2024-03-02,1,49
184,Vince Hill,vince.hill@email.com,555-3878,Male,2024-07-13,35,63
185,Olivia Nelson,olivia.nelson@email.com,555-6802,Male,2024-07-22,3,45
186,Bob Green,bob.green@email.com,555-2275,Female,2024-10-21,28,54
187,Zack Lopez,zack.lopez@email.com,555-5743,Male,2024-07-26,2,38
188,Karen Campbell,karen.campbell@email.com,555-8538,Female,2024-02-15,28,24
189,Paul Hill,paul.hill@email.com,555-7560,Male,2024-07-21,20,65
190,Victor Martinez,victor.martinez@email.com,555-6456,Male,2024-02-09,33,58
191,Henry Carter,henry.carter@email.com,555-9355,Male,2024-06-27,23,64
192,Pam Jackson,pam.jackson@email.com,555-4871,Male,2024-03-15,17,30
193,Leo Phillips,leo.phillips@email.com,555-3504,Male,2024-03-31,32,47
194,Willa Roberts,willa.roberts@email.com,555-8354,Female,2024-11-17,21,27
195,Claire Wilson,claire.wilson@email.com,555-8682,Female,2024-11-19,20,68
196,Rachel Turner,rachel.turner@email.com,555-1920,Female,2024-09-16,5,37
197,Derek Scott,derek.scott@email.com,555-1616,Male,2024-07-07,19,22
198,Pam Moore,pam.moore@email.com,555-9307,Female,2024-08-24,3,46
199,Kate Martin,kate.martin@email.com,555-6267,Female,2024-09-13,10,21
200,Claire Taylor,claire.taylor@email.com,555-6626,Male,2024-09-15,12,20
201,Paul Scott,paul.scott@email.com,555-8199,Male,2024-07-05,24,36
202,Yara Lopez,yara.lopez@email.com,555-6543,Male,2024-11-19,22,22
203,Victor Taylor,victor.taylor@email.com,555-7333,Female,2024-05-09,10,39
204,Frank Turner,frank.turner@email.com,555-3317,Female,2024-06-07,26,26
205,Mia Moore,mia.moore@email.com,555-6072,Female,2024-11-25,22,70
206,Iris Carter,iris.carter@email.com,555-2531,Female,2024-09-17,24,19
207,Xavier Lee,xavier.lee@email.com,555-3953,Male,2024-06-23,32,30
208,Olivia Thomas,olivia.thomas@email.com,555-3538,Male,2024-05-31,7,50
209,Xander Mitchell,xander.mitchell@email.com,555-9626,Male,2024-12-04,22,67
210,Noah Thomas,noah.thomas@email.com,555-7172,Male,2024-03-24,12,62
211,Xander Campbell,xander.campbell@email.com,555-3712,Female,2024-01-23,27,41
212,Rita Robinson,rita.robinson@email.com,555-8277,Female,2024-08-17,15,52
213,Paul Lee,paul.lee@email.com,555-8684,Male,2024-07-07,29,47
214,Xander Lewis,xander.lewis@email.com,555-7256,Female,2024-03-23,13,69
215,Mia Thomas,mia.thomas@email.com,555-5096,Male,2024-11-24,31,41
216,Jason Taylor,jason.taylor@email.com,555-9452,Male,2024-05-25,6,66
217,Karen Rodriguez,karen.rodriguez@email.com,555-8361,Male,2024-08-11,6,32
218,Claire Allen,claire.allen@email.com,555-1436,Female,2024-01-28,26,50
219,Xavier Robinson,xavier.robinson@email.com,555-7326,Male,2024-07-10,15,19
220,Uma Taylor,uma.taylor@email.com,555-6493,Male,2024-03-11,3,36
221,Elena Thomas,elena.thomas@email.com,555-8685,Female,2024-11-11,1,23
222,Bob Clark,bob.clark@email.com,555-4533,Male,2024-10-07,34,45
223,Henry Lewis,henry.lewis@email.com,555-4893,Female,2024-03-03,4,33
224,Amy Campbell,amy.campbell@email.com,555-8489,Male,2024-02-26,32,56
225,Ivy Williams,ivy.williams@email.com,555-9443,Male,2024-03-14,19,45
226,Alice Campbell,alice.campbell@email.com,555-6780,Male,2024-10-19,27,29
227,Quincy Moore,quincy.moore@email.com,555-9576,Female,2024-02-04,34,52
228,Gina Nelson,gina.nelson@email.com,555-1333,Female,2024-08-28,3,58
229,Yara Young,yara.young@email.com,555-5155,Male,2024-07-01,5,40
230,Paul Taylor,paul.taylor@email.com,555-6447,Male,2024-01-23,23,52
231,Victor Harris,victor.harris@email.com,555-8612,Female,2024-11-19,12,69
232,Iris Wilson,iris.wilson@email.com,555-8498,Male,2024-05-30,13,20
233,Maria Davis,maria.davis@email.com,555-6170,Female,2024-09-20,26,70
234,Ivy Adams,ivy.adams@email.com,555-5150,Male,2024-11-27,13,36
235,Wendy Miller,wendy.miller@email.com,555-6438,Female,2024-03-04,24,45
236,Zack Scott,zack.scott@email.com,555-7334,Female,2024-04-05,32,62
237,Felix Young,felix.young@email.com,555-9507,Female,2024-02-12,28,23
238,Ben Phillips,ben.phillips@email.com,555-3956,Female,2024-06-13,7,23
239,Uma Lewis,uma.lewis@email.com,555-6021,Female,2024-11-04,28,28
240,Sam Scott,sam.scott@email.com,555-6759,Female,2024-01-22,23,57
241,Ben Rodriguez,ben.rodriguez@email.com,555-1939,Male,2024-12-09,26,41
242,Gina White,gina.white@email.com,555-1510,Male,2024-11-07,29,20
243,Iris Wilson,iris.wilson@email.com,555-4866,Female,2024-07-04,25,54
244,Carol Phillips,carol.phillips@email.com,555-3513,Female,2024-07-08,24,46
245,Willa Wilson,willa.wilson@email.com,555-3255,Female,2024-07-22,21,59
246,Rachel Robinson,rachel.robinson@email.com,555-2858,Male,2024-04-05,32,51
247,Yara Perez,yara.perez@email.com,555-2929,Female,2024-05-13,29,31
248,Noah Lewis,noah.lewis@email.com,555-9047,Male,2024-03-03,9,22
249,Claire Harris,claire.harris@email.com,555-8292,Male,2024-12-15,21,60
250,Wendy Wilson,wendy.wilson@email.com,555-9882,Female,2024-06-02,11,63
251,Tracy Harris,tracy.harris@email.com,555-6922,Male,2024-03-03,13,68
252,Iris Robinson,iris.robinson@email.com,555-9094,Male,2024-07-03,24,47
253,Jason Thomas,jason.thomas@email.com,555-2412,Male,2024-06-07,26,63
254,Ursula Adams,ursula.adams@email.com,555-9612,Female,2024-07-28,5,26
255,Uma Wilson,uma.wilson@email.com,555-8372,Female,2024-12-14,34,40
256,Iris Perez,iris.perez@email.com,555-3981,Male,2024-08-09,33,21
257,Henry Carter,henry.carter@email.com,555-3507,Female,2024-03-25,11,38
258,Tracy Martinez,tracy.martinez@email.com,555-6669,Female,2024-02-10,17,30
259,Oscar Perez,oscar.perez@email.com,555-5496,Male,2024-11-16,20,57
260,Ivy Moore,ivy.moore@email.com,555-9234,Male,2024-10-30,10,28
261,Quincy Campbell,quincy.campbell@email.com,555-6531,Male,2024-01-15,6,20
262,Pam Roberts,pam.roberts@email.com,555-5336,Male,2024-10-19,27,57
263,Oscar Williams,oscar.williams@email.com,555-9159,Female,2024-11-24,20,48
264,Paul Wright,paul.wright@email.com,555-5873,Female,2024-02-07,4,28
265,Claire Lopez,claire.lopez@email.com,555-8933,Female,2024-04-14,22,56
266,Jack Walker,jack.walker@email.com,555-6231,Female,2024-07-23,9,66
267,Xavier Nelson,xavier.nelson@email.com,555-2739,Female,2024-05-03,30,25
268,Rachel Scott,rachel.scott@email.com,555-5061,Male,2024-02-19,4,36
269,Yara Campbell,yara.campbell@email.com,555-7850,Male,2024-03-22,21,54
270,Ursula Walker,ursula.walker@email.com,555-4110,Male,2024-09-12,33,47
271,Felix Lee,felix.lee@email.com,555-9148,Male,2024-02-16,26,50
272,Derek Robinson,derek.robinson@email.com,555-4524,Female,2024-01-25,4,36
273,Felix Phillips,felix.phillips@email.com,555-8710,Female,2024-10-01,1,24
274,Ben Thomas,ben.thomas@email.com,555-5333,Female,2024-07-25,24,20
275,Zack Miller,zack.miller@email.com,555-4189,Female,2024-10-10,19,22
276,Yara Nelson,yara.nelson@email.com,555-8378,Female,2024-11-15,8,26
277,Grace Wright,grace.wright@email.com,555-7114,Female,2024-10-12,24,66
278,Jack Martin,jack.martin@email.com,555-9341,Female,2024-09-13,3,20
279,Carol Thomas,carol.thomas@email.com,555-6456,Female,2024-09-22,30,27
280,Mia Nelson,mia.nelson@email.com,555-3290,Female,2024-11-09,21,28
281,Zack Campbell,zack.campbell@email.com,555-5902,Female,2024-09-16,33,52
282,Felix Roberts,felix.roberts@email.com,555-5911,Female,2024-01-09,24,39
283,Rita Anderson,rita.anderson@email.com,555-7824,Female,2024-12-18,2,56
284,Elena Clark,elena.clark@email.com,555-4728,Male,2024-10-25,31,28
285,Hugo Campbell,hugo.campbell@email.com,555-7229,Male,2024-12-14,16,20
286,Kate Anderson,kate.anderson@email.com,555-4125,Male,2024-08-13,21,44
287,Jack Lopez,jack.lopez@email.com,555-4340,Female,2024-09-13,31,65
288,Ursula Miller,ursula.miller@email.com,555-3262,Male,2024-10-14,21,60
289,Elena Carter,elena.carter@email.com,555-7173,Female,2024-03-29,30,52
290,Victor Mitchell,victor.mitchell@email.com,555-6804,Female,2024-11-08,31,30
291,Paul Rodriguez,paul.rodriguez@email.com,555-5890,Male,2024-06-01,19,63
292,Nathan Baker,nathan.baker@email.com,555-6194,Female,2024-06-27,18,36
293,Henry Roberts,henry.roberts@email.com,555-9899,Female,2024-07-21,23,67
294,Jack Lewis,jack.lewis@email.com,555-1689,Female,2024-12-31,6,40
295,Claire Clark,claire.clark@email.com,555-8849,Male,2024-04-13,35,35
296,Jason Rodriguez,jason.rodriguez@email.com,555-3249,Male,2024-11-11,16,33
297,David Carter,david.carter@email.com,555-4697,Male,2024-01-27,7,44
298,Victor Adams,victor.adams@email.com,555-2647,Male,2024-01-03,11,44
299,Pam Adams,pam.adams@email.com,555-8822,Male,2024-05-27,21,36
300,Pam Miller,pam.miller@email.com,555-2465,Male,2024-09-30,3,29
301,Amy Harris,amy.harris@email.com,555-1595,Female,2024-09-10,12,65
302,Steve Davis,steve.davis@email.com,555-1151,Female,2024-10-17,7,39
303,Steve Green,steve.green@email.com,555-9901,Female,2024-03-09,33,47
304,Rachel Martin,rachel.martin@email.com,555-2845,Female,2024-03-24,30,59
305,Quinn Harris,quinn.harris@email.com,555-1230,Female,2024-05-31,13,29
306,Noah Wright,noah.wright@email.com,555-8007,Female,2024-02-14,26,60
307,Grace Harris,grace.harris@email.com,555-3303,Female,2024-06-14,16,18
308,Quinn King,quinn.king@email.com,555-4858,Female,2024-05-16,22,37
309,Luke Roberts,luke.roberts@email.com,555-1187,Female,2024-11-30,24,62
310,Paul Miller,paul.miller@email.com,555-2936,Female,2024-06-06,11,43
311,Rita Nelson,rita.nelson@email.com,555-6095,Male,2024-11-23,19,41
312,Noah Martinez,noah.martinez@email.com,555-4590,Male,2024-09-01,10,47
313,Vince Phillips,vince.phillips@email.com,555-7121,Female,2024-12-25,31,66
314,Ivy Garcia,ivy.garcia@email.com,555-5054,Male,2024-09-26,29,51
315,Tracy Young,tracy.young@email.com,555-2279,Male,2024-02-01,33,30
316,Kate Mitchell,kate.mitchell@email.com,555-3455,Male,2024-06-16,34,46
317,Henry Garcia,henry.garcia@email.com,555-9008,Male,2024-09-18,29,69
318,David Green,david.green@email.com,555-3161,Female,2024-08-21,4,53
319,Derek Lee,derek.lee@email.com,555-1356,Female,2024-05-10,1,65
320,Nathan Turner,nathan.turner@email.com,555-2196,Male,2024-08-04,23,62
321,Emma Mitchell,emma.mitchell@email.com,555-1987,Male,2024-08-29,3,36
322,Amy Harris,amy.harris@email.com,555-3218,Female,2024-07-10,25,46
323,Yara King,yara.king@email.com,555-2314,Male,2024-11-30,23,25
324,Leo Mitchell,leo.mitchell@email.com,555-7439,Male,2024-04-24,1,66
325,Bob Lee,bob.lee@email.com,555-8585,Female,2024-09-29,25,70
326,Olivia Robinson,olivia.robinson@email.com,555-8546,Female,2024-03-20,18,30
327,Ursula Anderson,ursula.anderson@email.com,555-1527,Female,2024-11-10,2,33
328,Nathan Wilson,nathan.wilson@email.com,555-2653,Male,2024-08-16,4,33
329,Vince Davis,vince.davis@email.com,555-7590,Female,2024-04-29,35,31
330,Willa Miller,willa.miller@email.com,555-3295,Female,2024-04-29,21,54
331,Mia Walker,mia.walker@email.com,555-4881,Female,2024-03-14,34,32
332,Amy Lee,amy.lee@email.com,555-5508,Male,2024-10-12,12,58
333,Rita Hill,rita.hill@email.com,555-9120,Male,2024-06-25,25,68
334,Hugo Walker,hugo.walker@email.com,555-7821,Female,2024-03-17,20,42
335,Leo Mitchell,leo.mitchell@email.com,555-8758,Male,2024-04-25,20,63
336,Jack Green,jack.green@email.com,555-1944,Female,2024-08-01,34,26
337,Yara Robinson,yara.robinson@email.com,555-5177,Male,2024-06-18,6,46
338,Xavier Moore,xavier.moore@email.com,555-9775,Male,2024-01-27,18,42
339,Rita Phillips,rita.phillips@email.com,555-1647,Male,2024-04-06,14,48
340,Nathan Hall,nathan.hall@email.com,555-5967,Male,2024-04-18,13,65
341,Henry Adams,henry.adams@email.com,555-4974,Male,2024-07-22,16,53
342,Uma Lewis,uma.lewis@email.com,555-7236,Female,2024-09-30,23,37
343,Quinn Young,quinn.young@email.com,555-9401,Female,2024-08-26,7,69
344,Ursula Adams,ursula.adams@email.com,555-6246,Male,2024-07-08,21,44
345,Carol Roberts,carol.roberts@email.com,555-4625,Male,2024-01-09,17,53
346,Luke Turner,luke.turner@email.com,555-7841,Female,2024-03-19,13,39
347,Olivia King,olivia.king@email.com,555-5026,Female,2024-10-08,22,34
348,Willa Baker,willa.baker@email.com,555-9037,Female,2024-03-27,23,28
349,Iris Mitchell,iris.mitchell@email.com,555-9000,Male,2024-10-04,4,51
350,Carol Wilson,carol.wilson@email.com,555-1794,Male,2024-07-30,9,58
351,Olivia Wilson,olivia.wilson@email.com,555-3474,Male,2024-04-21,33,47
352,Xavier Miller,xavier.miller@email.com,555-8916,Female,2024-01-09,1,52
353,Jason Lopez,jason.lopez@email.com,555-1194,Male,2024-09-28,18,52
354,Steve Williams,steve.williams@email.com,555-9228,Female,2024-04-01,7,24
355,Hugo Jackson,hugo.jackson@email.com,555-4948,Male,2024-11-13,34,34
356,Wendy Rodriguez,wendy.rodriguez@email.com,555-7502,Male,2024-07-10,26,47
357,Kate Robinson,kate.robinson@email.com,555-4700,Female,2024-12-16,6,59
358,Pam Davis,pam.davis@email.com,555-2531,Female,2024-07-13,25,53
359,Elena Miller,elena.miller@email.com,555-1154,Male,2024-02-12,32,45
360,Pam Hall,pam.hall@email.com,555-2562,Male,2024-04-27,14,62
361,Kate Adams,kate.adams@email.com,555-5441,Male,2024-02-08,18,52
362,Kate Davis,kate.davis@email.com,555-3938,Female,2024-01-09,14,55
363,Jack Wright,jack.wright@email.com,555-2260,Female,2024-03-24,16,54
364,Yara Mitchell,yara.mitchell@email.com,555-6435,Female,2024-03-12,6,50
365,Vince Allen,vince.allen@email.com,555-1879,Male,2024-08-11,15,22
366,Victor Phillips,victor.phillips@email.com,555-7499,Female,2024-01-16,18,68
367,Claire Baker,claire.baker@email.com,555-4737,Female,2024-10-10,25,45
368,Leo Turner,leo.turner@email.com,555-7227,Male,2024-11-12,19,69
369,Paul Wilson,paul.wilson@email.com,555-2344,Female,2024-03-19,25,63
370,Oscar Jackson,oscar.jackson@email.com,555-7383,Female,2024-07-03,7,23
371,Alice Lee,alice.lee@email.com,555-8286,Female,2024-05-18,7,26
372,Frank Harris,frank.harris@email.com,555-8061,Female,2024-10-12,33,44
373,Grace Williams,grace.williams@email.com,555-2468,Female,2024-10-10,6,56
374,Mia Walker,mia.walker@email.com,555-7311,Male,2024-05-29,27,42
375,Xander Moore,xander.moore@email.com,555-4977,Male,2024-12-16,25,28
376,Iris Rodriguez,iris.rodriguez@email.com,555-5933,Female,2024-09-09,10,22
377,Karen Hill,karen.hill@email.com,555-5521,Female,2024-06-02,31,68
378,Emma Young,emma.young@email.com,555-5123,Male,2024-11-16,32,56
379,Noah Martin,noah.martin@email.com,555-8501,Male,2024-03-10,20,18
380,Zack Hall,zack.hall@email.com,555-7224,Female,2024-08-13,22,45
381,Pam Phillips,pam.phillips@email.com,555-3230,Female,2024-06-13,13,48
382,Uma Harris,uma.harris@email.com,555-7524,Female,2024-05-29,32,54
383,Paul Walker,paul.walker@email.com,555-7161,Female,2024-07-20,24,25
384,Kate Martin,kate.martin@email.com,555-9939,Male,2024-12-15,2,64
385,Derek Garcia,derek.garcia@email.com,555-8183,Female,2024-12-20,5,70
386,Amy Baker,amy.baker@email.com,555-3280,Female,2024-05-03,17,60
387,Jack Hill,jack.hill@email.com,555-7176,Male,2024-08-17,31,55
388,Zack Mitchell,zack.mitchell@email.com,555-9300,Female,2024-10-05,3,68
389,Xavier Mitchell,xavier.mitchell@email.com,555-2392,Male,2024-05-07,23,28
390,Pam Campbell,pam.campbell@email.com,555-1725,Female,2024-06-18,28,24
391,Alice Taylor,alice.taylor@email.com,555-5239,Male,2024-09-18,34,53
392,Luke Roberts,luke.roberts@email.com,555-4621,Female,2024-07-10,26,47
393,Xander Turner,xander.turner@email.com,555-9199,Male,2024-06-25,2,48
394,Grace Lewis,grace.lewis@email.com,555-7815,Male,2024-02-29,10,40
395,Tina Hall,tina.hall@email.com,555-8460,Male,2024-09-23,31,40
396,Elena Taylor,elena.taylor@email.com,555-8178,Female,2024-06-12,5,37
397,Carol Anderson,carol.anderson@email.com,555-1370,Female,2024-11-27,7,61
398,Karen Robinson,karen.robinson@email.com,555-9454,Male,2024-10-09,11,39
399,Jason Hill,jason.hill@email.com,555-8570,Male,2024-07-26,12,29
400,Oscar Hill,oscar.hill@email.com,555-7481,Male,2024-11-10,13,46
401,Luke Hill,luke.hill@email.com,555-7370,Male,2024-12-26,14,31
402,Rachel Wilson,rachel.wilson@email.com,555-2667,Male,2024-07-06,21,30
403,Derek Anderson,derek.anderson@email.com,555-5298,Female,2024-09-27,21,56
404,Yara Campbell,yara.campbell@email.com,555-7431,Male,2024-06-27,23,47
405,Noah Harris,noah.harris@email.com,555-5873,Male,2024-12-10,9,38
406,Henry Robinson,henry.robinson@email.com,555-6003,Male,2024-04-03,24,62
407,Jack Nelson,jack.nelson@email.com,555-7364,Female,2024-11-01,9,54
408,Yara Hill,yara.hill@email.com,555-4043,Female,2024-11-21,35,62
409,Pam Harris,pam.harris@email.com,555-3733,Female,2024-05-27,9,29
410,Uma Scott,uma.scott@email.com,555-1878,Female,2024-01-05,32,26
411,Maria King,maria.king@email.com,555-9281,Female,2024-07-28,32,44
412,Tracy Scott,tracy.scott@email.com,555-9006,Male,2024-02-12,2,68
413,Willa Martinez,willa.martinez@email.com,555-5785,Male,2024-05-20,15,52
414,Steve White,steve.white@email.com,555-8492,Female,2024-10-08,33,25
415,Kate Anderson,kate.anderson@email.com,555-5389,Female,2024-10-04,3,66
416,Ursula Scott,ursula.scott@email.com,555-9951,Male,2024-08-05,7,65
417,Pam Robinson,pam.robinson@email.com,555-5877,Male,2024-08-18,17,40
418,Frank Scott,frank.scott@email.com,555-2923,Male,2024-04-17,23,63
419,Noah Hill,noah.hill@email.com,555-3719,Male,2024-04-15,14,69
420,David Roberts,david.roberts@email.com,555-6747,Female,2024-11-01,35,28
421,Uma Lewis,uma.lewis@email.com,555-5740,Female,2024-09-20,7,26
422,Willa Lopez,willa.lopez@email.com,555-1971,Female,2024-12-01,9,62
423,Iris Robinson,iris.robinson@email.com,555-3396,Female,2024-05-06,26,49
424,Jack Roberts,jack.roberts@email.com,555-5402,Female,2024-07-11,29,22
425,Oscar Moore,oscar.moore@email.com,555-7600,Female,2024-12-21,24,47
426,Felix Walker,felix.walker@email.com,555-1040,Male,2024-08-22,23,22
427,Ivy Wright,ivy.wright@email.com,555-4568,Female,2024-04-18,32,35
428,Uma Lewis,uma.lewis@email.com,555-6533,Male,2024-10-16,32,68
429,Victor Miller,victor.miller@email.com,555-1752,Male,2024-11-16,30,19
430,Henry White,henry.white@email.com,555-8230,Female,2024-01-01,28,30
431,Sam Thomas,sam.thomas@email.com,555-5945,Male,2024-05-20,6,59
432,Xavier Clark,xavier.clark@email.com,555-2350,Female,2024-12-06,11,21
433,Zack Lee,zack.lee@email.com,555-4836,Female,2024-12-01,6,63
434,Grace Johnson,grace.johnson@email.com,555-4496,Female,2024-02-09,9,55
435,Olivia Carter,olivia.carter@email.com,555-8291,Male,2024-01-05,22,70
436,Henry Hill,henry.hill@email.com,555-3165,Female,2024-02-06,15,42
437,Frank Taylor,frank.taylor@email.com,555-2690,Female,2024-07-07,20,26
438,Yara Thomas,yara.thomas@email.com,555-3340,Male,2024-09-28,1,57
439,Pam White,pam.white@email.com,555-8210,Female,2024-04-19,10,44
440,Noah Scott,noah.scott@email.com,555-4559,Male,2024-02-21,9,66
441,Henry Turner,henry.turner@email.com,555-7291,Female,2024-08-07,21,68
442,Iris Robinson,iris.robinson@email.com,555-5537,Male,2024-05-07,19,67
443,Sam Williams,sam.williams@email.com,555-5942,Male,2024-09-22,33,30
444,Vince Wright,vince.wright@email.com,555-5842,Male,2024-05-02,32,42
445,Henry Robinson,henry.robinson@email.com,555-9185,Male,2024-09-27,1,41
446,Uma Thomas,uma.thomas@email.com,555-7337,Female,2024-07-06,35,61
447,Leo Adams,leo.adams@email.com,555-2195,Male,2024-10-27,5,18
448,Quinn Garcia,quinn.garcia@email.com,555-1652,Male,2024-07-22,33,36
449,Oscar Nelson,oscar.nelson@email.com,555-7806,Female,2024-12-25,26,23
450,Oscar Mitchell,oscar.mitchell@email.com,555-9808,Male,2024-05-22,6,37
451,Frank Nelson,frank.nelson@email.com,555-4329,Male,2024-10-01,21,43
452,Luke Wilson,luke.wilson@email.com,555-6081,Female,2024-05-02,4,33
453,Frank Hill,frank.hill@email.com,555-2900,Female,2024-11-09,4,37
454,Quincy Harris,quincy.harris@email.com,555-2956,Male,2024-12-28,9,62
455,Alice White,alice.white@email.com,555-9133,Female,2024-09-24,34,68
456,Ursula Clark,ursula.clark@email.com,555-3735,Female,2024-03-05,18,64
457,Henry Williams,henry.williams@email.com,555-6488,Female,2024-05-19,34,22
458,Quinn Roberts,quinn.roberts@email.com,555-2262,Female,2024-08-21,33,41
459,David Baker,david.baker@email.com,555-3734,Female,2024-03-21,17,67
460,Grace Roberts,grace.roberts@email.com,555-2889,Male,2024-09-17,1,20
461,Alice Robinson,alice.robinson@email.com,555-1753,Female,2024-07-05,25,27
462,Leo Davis,leo.davis@email.com,555-7870,Male,2024-06-13,16,44
463,Ursula Walker,ursula.walker@email.com,555-5444,Male,2024-10-19,24,25
464,Gina Miller,gina.miller@email.com,555-3938,Male,2024-09-21,3,43
465,Emma Green,emma.green@email.com,555-5625,Female,2024-06-16,6,53
466,Derek Johnson,derek.johnson@email.com,555-7044,Male,2024-05-29,20,65
467,Noah Robinson,noah.robinson@email.com,555-8600,Female,2024-10-29,32,67
468,Xander Martin,xander.martin@email.com,555-9954,Male,2024-03-18,1,44
469,Bob Martinez,bob.martinez@email.com,555-9872,Female,2024-11-21,1,39
470,Alice King,alice.king@email.com,555-6038,Male,2024-04-15,34,33
471,Amy Baker,amy.baker@email.com,555-1981,Male,2024-12-30,18,23
472,Carol Martinez,carol.martinez@email.com,555-9515,Female,2024-12-24,24,47
473,Vince Moore,vince.moore@email.com,555-2565,Male,2024-11-22,26,22
474,Luke Roberts,luke.roberts@email.com,555-2020,Female,2024-12-05,9,33
475,Steve Clark,steve.clark@email.com,555-6161,Female,2024-12-24,21,38
476,Claire Rodriguez,claire.rodriguez@email.com,555-4827,Male,2024-04-13,9,67
477,Xander Turner,xander.turner@email.com,555-2785,Male,2024-02-24,11,46
478,Derek Walker,derek.walker@email.com,555-7660,Male,2024-10-01,23,67
479,Nathan Scott,nathan.scott@email.com,555-6051,Female,2024-05-15,8,23
480,Karen Lee,karen.lee@email.com,555-1660,Male,2024-06-16,10,23
481,Tracy Robinson,tracy.robinson@email.com,555-6828,Female,2024-09-19,4,61
482,Tina Clark,tina.clark@email.com,555-3848,Male,2024-07-26,29,53
483,Vince Perez,vince.perez@email.com,555-5093,Male,2024-08-24,7,69
484,Iris Anderson,iris.anderson@email.com,555-1195,Male,2024-04-23,9,30
485,Zack Young,zack.young@email.com,555-2376,Female,2024-02-08,2,22
486,Maria Scott,maria.scott@email.com,555-3110,Male,2024-06-18,8,20
487,Derek Miller,derek.miller@email.com,555-3752,Female,2024-07-21,32,19
488,Yara Hill,yara.hill@email.com,555-3831,Female,2024-04-19,12,35
489,Rachel Scott,rachel.scott@email.com,555-3435,Male,2024-11-10,16,59
490,Steve Baker,steve.baker@email.com,555-7750,Female,2024-02-01,6,35
491,Yara Thomas,yara.thomas@email.com,555-7868,Male,2024-11-25,34,33
492,Oscar Mitchell,oscar.mitchell@email.com,555-1319,Female,2024-12-31,23,48
493,Ivy Baker,ivy.baker@email.com,555-6636,Female,2024-07-17,18,29
494,Bob Walker,bob.walker@email.com,555-4588,Male,2024-05-23,4,69
495,Elena Carter,elena.carter@email.com,555-6856,Male,2024-03-22,7,33
496,Quincy Robinson,quincy.robinson@email.com,555-5366,Male,2024-04-22,25,40
497,Leo Harris,leo.harris@email.com,555-4875,Female,2024-12-23,23,55
498,Bob Allen,bob.allen@email.com,555-3328,Male,2024-09-09,35,37
499,Leo Baker,leo.baker@email.com,555-1621,Male,2024-01-29,15,56
500,Olivia Williams,olivia.williams@email.com,555-9625,Female,2024-01-01,22,57
501,Maria Thomas,maria.thomas@email.com,555-6582,Male,2024-06-14,4,19
502,Jack Turner,jack.turner@email.com,555-3320,Male,2024-09-26,24,22
503,Xavier Wright,xavier.wright@email.com,555-2655,Female,2024-06-03,21,26
504,Karen Hill,karen.hill@email.com,555-8982,Female,2024-03-30,23,32
505,Quincy Turner,quincy.turner@email.com,555-3872,Female,2024-06-06,19,26
506,Leo Johnson,leo.johnson@email.com,555-7415,Male,2024-04-03,21,69
507,Noah Martinez,noah.martinez@email.com,555-2705,Female,2024-03-13,22,65
508,Emma Robinson,emma.robinson@email.com,555-6682,Female,2024-03-26,6,70
509,Tracy Hall,tracy.hall@email.com,555-8317,Male,2024-05-15,14,33
510,Sam Wilson,sam.wilson@email.com,555-6742,Female,2024-02-25,1,21
511,Yara Scott,yara.scott@email.com,555-7875,Male,2024-07-30,32,42
512,Wendy Mitchell,wendy.mitchell@email.com,555-7149,Male,2024-09-02,15,28
513,Claire Wilson,claire.wilson@email.com,555-1547,Female,2024-01-11,21,34
514,Grace Wilson,grace.wilson@email.com,555-6600,Male,2024-07-11,11,64
515,Emma Perez,emma.perez@email.com,555-2525,Female,2024-10-31,31,63
516,Bob Hill,bob.hill@email.com,555-3703,Female,2024-03-21,4,24
517,Victor Garcia,victor.garcia@email.com,555-4112,Female,2024-12-22,35,34
518,Quincy Lewis,quincy.lewis@email.com,555-5872,Male,2024-02-19,4,43
519,Kate Perez,kate.perez@email.com,555-9043,Male,2024-01-28,24,18
520,Ben Moore,ben.moore@email.com,555-5825,Female,2024-04-12,7,19
521,Nathan White,nathan.white@email.com,555-5781,Male,2024-08-30,8,37
522,Zack Adams,zack.adams@email.com,555-9013,Female,2024-02-16,35,42
523,Leo Young,leo.young@email.com,555-7249,Female,2024-04-05,29,20
524,Quinn Scott,quinn.scott@email.com,555-8619,Female,2024-04-25,18,54
525,David Jackson,david.jackson@email.com,555-2584,Male,2024-12-08,23,69
526,Ivy Lopez,ivy.lopez@email.com,555-4727,Male,2024-07-17,34,44
527,Ivy Adams,ivy.adams@email.com,555-4860,Female,2024-06-02,6,43
528,Tracy Davis,tracy.davis@email.com,555-9226,Male,2024-03-02,29,29
529,Karen Garcia,karen.garcia@email.com,555-4157,Male,2024-01-22,28,23
530,Rita Hill,rita.hill@email.com,555-4308,Male,2024-10-31,17,38
531,Ursula Wilson,ursula.wilson@email.com,555-2425,Female,2024-10-11,26,53
532,Uma Rodriguez,uma.rodriguez@email.com,555-9514,Female,2024-01-07,34,68
533,Amy Anderson,amy.anderson@email.com,555-7790,Male,2024-03-16,7,24
534,Kate Taylor,kate.taylor@email.com,555-5687,Female,2024-07-29,17,42
535,Pam Baker,pam.baker@email.com,555-8750,Male,2024-03-29,18,43
536,Jack Campbell,jack.campbell@email.com,555-7581,Male,2024-07-21,22,62
537,Paul Miller,paul.miller@email.com,555-8785,Female,2024-07-09,2,39
538,Tina Lee,tina.lee@email.com,555-5593,Female,2024-12-22,7,32
539,Iris Lee,iris.lee@email.com,555-8259,Female,2024-05-17,27,56
540,Pam Moore,pam.moore@email.com,555-4079,Female,2024-04-18,27,65
541,Felix Carter,felix.carter@email.com,555-7126,Male,2024-09-20,11,22
542,Tina Nelson,tina.nelson@email.com,555-7609,Male,2024-09-25,2,29
543,Maria Martin,maria.martin@email.com,555-1944,Male,2024-01-17,30,21
544,Xavier Martin,xavier.martin@email.com,555-5488,Female,2024-08-25,33,43
545,Oscar Anderson,oscar.anderson@email.com,555-1500,Male,2024-07-09,32,56
546,Claire Harris,claire.harris@email.com,555-8775,Female,2024-06-25,11,34
547,Vince Moore,vince.moore@email.com,555-5670,Male,2024-07-16,4,28
548,Kate Garcia,kate.garcia@email.com,555-4626,Male,2024-12-12,14,35
549,Pam Lopez,pam.lopez@email.com,555-9409,Male,2024-12-15,1,48
550,Iris Harris,iris.harris@email.com,555-1138,Male,2024-05-09,20,63
551,Tracy Rodriguez,tracy.rodriguez@email.com,555-7943,Female,2024-06-27,30,34
552,Nathan Green,nathan.green@email.com,555-5950,Female,2024-10-26,7,18
553,Gina Young,gina.young@email.com,555-5631,Female,2024-12-16,7,48
554,Emma Hall,emma.hall@email.com,555-5529,Female,2024-05-21,17,59
555,Tracy Lee,tracy.lee@email.com,555-4086,Male,2024-09-21,16,21
556,Mia Wright,mia.wright@email.com,555-6236,Male,2024-01-14,32,36
557,Quinn Lopez,quinn.lopez@email.com,555-7628,Female,2024-01-19,13,39
558,Ursula Martinez,ursula.martinez@email.com,555-9759,Female,2024-12-09,23,50
559,Tina White,tina.white@email.com,555-3967,Female,2024-02-19,31,26
560,Vince Clark,vince.clark@email.com,555-3999,Female,2024-12-01,6,32
561,Wendy Martinez,wendy.martinez@email.com,555-6031,Female,2024-06-18,24,34
562,Luke Lewis,luke.lewis@email.com,555-8598,Male,2024-08-28,4,58
563,Luke Turner,luke.turner@email.com,555-2166,Female,2024-04-09,33,25
564,Rita King,rita.king@email.com,555-9680,Female,2024-07-30,4,27
565,Iris Martin,iris.martin@email.com,555-6614,Female,2024-10-18,30,27
566,Uma Harris,uma.harris@email.com,555-2324,Female,2024-06-19,12,38
567,Oscar Miller,oscar.miller@email.com,555-1077,Female,2024-05-20,14,66
568,Xander White,xander.white@email.com,555-3595,Female,2024-02-15,9,57
569,Ben Hill,ben.hill@email.com,555-7609,Female,2024-09-01,25,18
570,Carol Mitchell,carol.mitchell@email.com,555-4267,Female,2024-01-08,21,66
571,Hugo Martin,hugo.martin@email.com,555-1293,Male,2024-11-16,16,32
572,Sam Allen,sam.allen@email.com,555-6113,Male,2024-02-22,25,50
573,Luke Lee,luke.lee@email.com,555-3736,Male,2024-01-24,20,36
574,Derek Carter,derek.carter@email.com,555-9587,Female,2024-08-10,9,39
575,Felix Allen,felix.allen@email.com,555-4087,Male,2024-07-25,2,32
576,Olivia Thomas,olivia.thomas@email.com,555-4460,Male,2024-10-28,33,28
577,Henry Young,henry.young@email.com,555-1612,Female,2024-11-23,17,67
578,Ivy Campbell,ivy.campbell@email.com,555-1796,Male,2024-12-04,7,59
579,Bob Miller,bob.miller@email.com,555-2897,Female,2024-08-15,25,25
580,Jason Clark,jason.clark@email.com,555-8772,Male,2024-04-15,1,37
581,Amy Taylor,amy.taylor@email.com,555-9524,Female,2024-11-14,9,44
582,Grace Nelson,grace.nelson@email.com,555-2928,Female,2024-02-28,7,49
583,Maria Phillips,maria.phillips@email.com,555-4272,Female,2024-09-24,13,40
584,Tracy Lopez,tracy.lopez@email.com,555-5839,Male,2024-01-21,32,31
585,Sam Adams,sam.adams@email.com,555-6416,Male,2024-01-02,1,60
586,Frank Anderson,frank.anderson@email.com,555-9095,Male,2024-02-16,33,22
587,Ursula Taylor,ursula.taylor@email.com,555-5192,Male,2024-08-21,19,34
588,Derek Miller,derek.miller@email.com,555-2635,Male,2024-01-21,19,41
589,Rita Walker,rita.walker@email.com,555-7979,Male,2024-02-18,3,18
590,Iris White,iris.white@email.com,555-6384,Female,2024-08-12,18,64
591,Frank Young,frank.young@email.com,555-6615,Male,2024-02-28,26,43
592,Derek Rodriguez,derek.rodriguez@email.com,555-7319,Female,2024-08-03,11,25
593,Iris Miller,iris.miller@email.com,555-3611,Male,2024-08-01,31,69
594,Kate Scott,kate.scott@email.com,555-3969,Female,2024-07-02,2,61
595,Ursula Thomas,ursula.thomas@email.com,555-8914,Female,2024-02-27,27,46
596,Carol Wilson,carol.wilson@email.com,555-5286,Female,2024-01-07,34,67
597,Vince Roberts,vince.roberts@email.com,555-4669,Female,2024-09-22,34,62
598,Sam Campbell,sam.campbell@email.com,555-2560,Female,2024-12-04,16,48
599,Wendy King,wendy.king@email.com,555-3435,Male,2024-01-06,11,50
600,Elena Baker,elena.baker@email.com,555-3709,Male,2024-09-08,21,33
601,Victor Rodriguez,victor.rodriguez@email.com,555-1824,Male,2024-10-08,25,43
602,Paul Moore,paul.moore@email.com,555-8521,Female,2024-10-20,29,23
603,Felix Scott,felix.scott@email.com,555-6178,Male,2024-09-11,2,24
604,Zack Lopez,zack.lopez@email.com,555-1587,Male,2024-02-16,20,50
605,Jason Garcia,jason.garcia@email.com,555-8474,Female,2024-07-05,4,70
606,Olivia Green,olivia.green@email.com,555-6439,Female,2024-12-02,24,63
607,Claire Anderson,claire.anderson@email.com,555-2596,Male,2024-01-02,22,40
608,Oscar Lewis,oscar.lewis@email.com,555-9973,Female,2024-12-25,7,20
609,Karen Baker,karen.baker@email.com,555-3301,Female,2024-02-24,17,57
610,Maria Martin,maria.martin@email.com,555-2978,Female,2024-04-20,30,70
611,Maria Hall,maria.hall@email.com,555-2765,Female,2024-01-24,8,67
612,Claire Green,claire.green@email.com,555-9260,Male,2024-09-12,1,51
613,Vince Miller,vince.miller@email.com,555-8091,Female,2024-09-17,12,62
614,Luke Harris,luke.harris@email.com,555-3103,Male,2024-07-17,21,50
615,Yara Lopez,yara.lopez@email.com,555-5067,Female,2024-07-22,22,36
616,Claire Thomas,claire.thomas@email.com,555-3263,Female,2024-11-04,33,37
617,Sam Perez,sam.perez@email.com,555-6143,Male,2024-04-12,14,57
618,Tracy Lewis,tracy.lewis@email.com,555-6657,Male,2024-12-29,12,50
619,Ivy Walker,ivy.walker@email.com,555-2890,Female,2024-10-14,31,55
620,Kate Lopez,kate.lopez@email.com,555-9747,Female,2024-08-04,1,51
621,Grace Williams,grace.williams@email.com,555-7240,Male,2024-01-28,4,30
622,Rachel White,rachel.white@email.com,555-5695,Female,2024-03-15,4,62
623,Steve Garcia,steve.garcia@email.com,555-9866,Male,2024-07-02,29,24
624,Noah Perez,noah.perez@email.com,555-4675,Female,2024-05-01,33,68
625,Sam Lewis,sam.lewis@email.com,555-1769,Female,2024-07-17,27,68
626,Rita Walker,rita.walker@email.com,555-1881,Male,2024-05-08,13,57
627,Xander Scott,xander.scott@email.com,555-4695,Female,2024-10-28,35,65
628,Mia Martin,mia.martin@email.com,555-4170,Female,2024-08-17,12,61
629,Emma Harris,emma.harris@email.com,555-3847,Male,2024-07-12,3,45
630,Rachel Perez,rachel.perez@email.com,555-5329,Male,2024-03-23,17,18
631,Victor Green,victor.green@email.com,555-3536,Male,2024-03-19,21,56
632,David Campbell,david.campbell@email.com,555-5934,Female,2024-10-20,23,22
633,Tracy Walker,tracy.walker@email.com,555-9608,Male,2024-04-04,34,22
634,Gina White,gina.white@email.com,555-7814,Female,2024-02-17,23,32
635,Nathan Hall,nathan.hall@email.com,555-6424,Female,2024-05-30,14,66
636,Noah Carter,noah.carter@email.com,555-8780,Male,2024-02-28,23,46
637,Paul Campbell,paul.campbell@email.com,555-4994,Male,2024-12-15,21,42
638,Henry King,henry.king@email.com,555-5203,Female,2024-01-13,34,70
639,Xander Young,xander.young@email.com,555-9426,Female,2024-09-06,3,36
640,Pam Martin,pam.martin@email.com,555-6248,Male,2024-02-19,11,67
641,Ivy Mitchell,ivy.mitchell@email.com,555-1120,Male,2024-04-17,14,61
642,Ben Taylor,ben.taylor@email.com,555-4368,Female,2024-11-27,5,65
643,Rita Jackson,rita.jackson@email.com,555-1389,Female,2024-06-18,3,23
644,Emma Miller,emma.miller@email.com,555-3916,Female,2024-10-12,5,54
645,Olivia Clark,olivia.clark@email.com,555-7678,Female,2024-08-18,26,45
646,Uma Williams,uma.williams@email.com,555-7381,Male,2024-09-30,1,59
647,Ursula Campbell,ursula.campbell@email.com,555-2036,Male,2024-12-24,5,40
648,Gina Taylor,gina.taylor@email.com,555-5748,Female,2024-11-06,6,36
649,Willa Scott,willa.scott@email.com,555-7249,Female,2024-12-04,2,48
650,Karen Mitchell,karen.mitchell@email.com,555-4602,Male,2024-07-19,35,36
651,Oscar Jackson,oscar.jackson@email.com,555-5883,Female,2024-01-06,10,25
652,Carol Johnson,carol.johnson@email.com,555-7456,Male,2024-06-05,14,65
653,Vince Allen,vince.allen@email.com,555-4469,Female,2024-11-26,33,27
654,Karen Harris,karen.harris@email.com,555-4617,Female,2024-04-09,8,29
655,Quincy Roberts,quincy.roberts@email.com,555-1891,Female,2024-11-26,5,36
656,Quincy Wilson,quincy.wilson@email.com,555-5107,Male,2024-04-11,32,39
657,Wendy Thomas,wendy.thomas@email.com,555-4842,Male,2024-05-25,5,30
658,Uma Baker,uma.baker@email.com,555-8383,Female,2024-11-11,20,62
659,Luke Jackson,luke.jackson@email.com,555-6971,Female,2024-08-07,11,18
660,Uma Robinson,uma.robinson@email.com,555-4629,Female,2024-05-21,24,26
661,Rita Hall,rita.hall@email.com,555-8863,Female,2024-08-16,23,67
662,Tina Baker,tina.baker@email.com,555-2783,Male,2024-11-26,6,35
663,Iris Mitchell,iris.mitchell@email.com,555-4218,Female,2024-11-16,5,64
664,Emma Williams,emma.williams@email.com,555-9309,Male,2024-10-24,26,67
665,Luke Garcia,luke.garcia@email.com,555-1600,Female,2024-10-05,35,48
666,Pam Jackson,pam.jackson@email.com,555-6993,Female,2024-04-24,19,26
667,Derek Nelson,derek.nelson@email.com,555-9362,Male,2024-07-22,24,50
668,Alice Robinson,alice.robinson@email.com,555-3717,Male,2024-08-16,11,29
669,Kate Roberts,kate.roberts@email.com,555-3395,Female,2024-07-02,3,32
670,Willa Baker,willa.baker@email.com,555-4796,Male,2024-05-15,24,32
671,Carol Garcia,carol.garcia@email.com,555-9485,Female,2024-07-17,31,47
672,Carol Davis,carol.davis@email.com,555-6309,Male,2024-12-26,34,58
673,Rachel Clark,rachel.clark@email.com,555-9918,Male,2024-07-11,25,41
674,Luke Wilson,luke.wilson@email.com,555-9465,Female,2024-07-11,15,51
675,Zack Allen,zack.allen@email.com,555-6653,Female,2024-09-03,1,50
676,Iris Scott,iris.scott@email.com,555-3713,Male,2024-02-09,33,59
677,Rachel Garcia,rachel.garcia@email.com,555-3461,Male,2024-03-21,24,56
678,Tracy Anderson,tracy.anderson@email.com,555-4773,Female,2024-06-18,8,48
679,Rita Adams,rita.adams@email.com,555-8848,Male,2024-10-29,11,59
680,Amy Williams,amy.williams@email.com,555-4992,Male,2024-03-06,11,26
681,Oscar Nelson,oscar.nelson@email.com,555-1642,Male,2024-01-29,11,34
682,Leo Carter,leo.carter@email.com,555-7642,Male,2024-12-04,19,23
683,Nathan Scott,nathan.scott@email.com,555-8723,Female,2024-03-28,15,44
684,Mia Jackson,mia.jackson@email.com,555-3979,Female,2024-03-26,22,47
685,Mia Turner,mia.turner@email.com,555-2127,Male,2024-07-12,25,26
686,Grace Williams,grace.williams@email.com,555-4315,Female,2024-03-17,7,29
687,Elena Campbell,elena.campbell@email.com,555-1639,Male,2024-02-17,31,60
688,Iris Phillips,iris.phillips@email.com,555-9835,Male,2024-12-13,28,51
689,Amy Young,amy.young@email.com,555-1711,Female,2024-04-27,31,68
690,Xander King,xander.king@email.com,555-6742,Male,2024-08-05,9,34
691,Elena Martinez,elena.martinez@email.com,555-2373,Female,2024-11-02,35,44
692,Quinn Martin,quinn.martin@email.com,555-1089,Male,2024-10-22,34,25
693,Hugo Johnson,hugo.johnson@email.com,555-7144,Male,2024-12-18,21,44
694,Xavier Taylor,xavier.taylor@email.com,555-3535,Female,2024-11-29,17,34
695,Ivy Hill,ivy.hill@email.com,555-6990,Female,2024-12-14,26,66
696,Nathan Lopez,nathan.lopez@email.com,555-8904,Male,2024-07-08,31,34
697,Tina Roberts,tina.roberts@email.com,555-6641,Female,2024-03-11,8,65
698,Olivia Scott,olivia.scott@email.com,555-3650,Male,2024-04-19,33,43
699,Victor Perez,victor.perez@email.com,555-1852,Male,2024-07-18,1,69
700,Frank Jackson,frank.jackson@email.com,555-8727,Female,2024-02-15,5,34
701,Olivia Young,olivia.young@email.com,555-2311,Male,2024-07-15,26,57
702,Pam Carter,pam.carter@email.com,555-5693,Male,2024-03-30,32,46
703,Alice Martin,alice.martin@email.com,555-9489,Female,2024-04-09,3,68
704,Mia Nelson,mia.nelson@email.com,555-9451,Male,2024-11-10,11,61
705,Carol Young,carol.young@email.com,555-4919,Male,2024-03-21,6,35
706,Xander Wright,xander.wright@email.com,555-6785,Female,2024-07-26,13,51
707,Alice Wilson,alice.wilson@email.com,555-2477,Female,2024-10-13,23,40
708,Rachel Martinez,rachel.martinez@email.com,555-4187,Female,2024-07-25,1,34
709,Leo Lopez,leo.lopez@email.com,555-9294,Male,2024-10-13,5,50
710,Steve Hall,steve.hall@email.com,555-2917,Female,2024-10-02,17,62
711,Claire King,claire.king@email.com,555-8923,Male,2024-06-22,30,61
712,Derek Turner,derek.turner@email.com,555-1448,Female,2024-02-29,17,22
713,Yara Martinez,yara.martinez@email.com,555-4767,Female,2024-07-30,23,51
714,Ivy Johnson,ivy.johnson@email.com,555-5314,Male,2024-05-27,6,43
715,Rita Hall,rita.hall@email.com,555-2245,Male,2024-08-31,21,40
716,Nathan Roberts,nathan.roberts@email.com,555-5408,Male,2024-12-15,13,49
717,Vince Martin,vince.martin@email.com,555-4847,Male,2024-05-15,14,32
718,Maria Robinson,maria.robinson@email.com,555-6833,Male,2024-02-24,8,23
719,Rita Baker,rita.baker@email.com,555-1108,Male,2024-09-03,24,57
720,Uma Baker,uma.baker@email.com,555-5501,Female,2024-04-03,33,35
721,Zack Martinez,zack.martinez@email.com,555-3101,Male,2024-09-26,28,48
722,Ivy Davis,ivy.davis@email.com,555-9232,Female,2024-07-20,12,47
723,Henry Carter,henry.carter@email.com,555-8537,Female,2024-12-18,1,18
724,Rita Garcia,rita.garcia@email.com,555-7216,Male,2024-06-15,24,57
725,Quinn Harris,quinn.harris@email.com,555-9987,Female,2024-05-01,18,48
726,Noah Hall,noah.hall@email.com,555-6995,Male,2024-09-12,28,31
727,Amy Young,amy.young@email.com,555-6981,Female,2024-05-23,29,29
728,Kate Thomas,kate.thomas@email.com,555-4744,Male,2024-05-18,16,53
729,Ben King,ben.king@email.com,555-4212,Male,2024-03-17,31,69
730,Alice Harris,alice.harris@email.com,555-7906,Female,2024-03-09,34,52
731,Ursula Walker,ursula.walker@email.com,555-8972,Female,2024-05-08,4,43
732,Grace White,grace.white@email.com,555-1983,Male,2024-05-10,31,58
733,Grace Scott,grace.scott@email.com,555-6483,Female,2024-07-03,24,53
734,Jason Clark,jason.clark@email.com,555-6638,Male,2024-07-29,8,40
735,Rita Phillips,rita.phillips@email.com,555-4259,Male,2024-05-25,23,38
736,Rita Nelson,rita.nelson@email.com,555-8987,Female,2024-02-10,25,57
737,Steve Green,steve.green@email.com,555-3373,Male,2024-11-23,22,44
738,Oscar Campbell,oscar.campbell@email.com,555-7631,Male,2024-02-10,11,39
739,Olivia Walker,olivia.walker@email.com,555-6191,Female,2024-12-29,18,56
740,Pam Wright,pam.wright@email.com,555-5444,Female,2024-07-04,34,46
741,Amy White,amy.white@email.com,555-4012,Male,2024-03-05,16,60
742,Quinn Moore,quinn.moore@email.com,555-4450,Male,2024-07-22,7,24
743,Emma Adams,emma.adams@email.com,555-9985,Male,2024-01-14,26,51
744,Willa Moore,willa.moore@email.com,555-2702,Female,2024-11-12,10,23
745,Pam King,pam.king@email.com,555-6068,Male,2024-05-06,19,46
746,Oscar Thomas,oscar.thomas@email.com,555-3150,Male,2024-01-15,3,60
747,Wendy Walker,wendy.walker@email.com,555-8801,Female,2024-10-03,18,53
748,Claire Thomas,claire.thomas@email.com,555-9835,Male,2024-10-29,30,58
749,Vince Roberts,vince.roberts@email.com,555-8126,Female,2024-06-26,31,52
750,Olivia Moore,olivia.moore@email.com,555-8239,Female,2024-07-06,27,34
751,Jack Lee,jack.lee@email.com,555-1172,Male,2024-09-24,9,40
752,Steve Adams,steve.adams@email.com,555-9767,Male,2024-12-18,32,66
753,Elena Lee,elena.lee@email.com,555-1149,Female,2024-05-29,15,68
754,Alice Perez,alice.perez@email.com,555-7121,Male,2024-07-29,28,43
755,Paul White,paul.white@email.com,555-7385,Female,2024-04-22,17,23
756,Ben Robinson,ben.robinson@email.com,555-9464,Female,2024-05-25,35,69
757,Rachel Lopez,rachel.lopez@email.com,555-4080,Male,2024-04-03,9,36
758,Henry Green,henry.green@email.com,555-8418,Female,2024-12-24,32,30
759,Uma Williams,uma.williams@email.com,555-3492,Male,2024-09-30,2,29
760,Grace Lewis,grace.lewis@email.com,555-5410,Male,2024-08-12,1,32
761,Frank Jackson,frank.jackson@email.com,555-1241,Female,2024-04-21,22,44
762,Tina Baker,tina.baker@email.com,555-7084,Female,2024-12-22,3,39
763,Frank Jackson,frank.jackson@email.com,555-1918,Female,2024-07-19,5,52
764,Elena Harris,elena.harris@email.com,555-4148,Female,2024-07-14,1,25
765,Xander Robinson,xander.robinson@email.com,555-7304,Female,2024-05-06,3,30
766,Derek Taylor,derek.taylor@email.com,555-9538,Male,2024-08-30,25,61
767,Tina Walker,tina.walker@email.com,555-3598,Male,2024-10-08,34,25
768,Quinn Adams,quinn.adams@email.com,555-5895,Male,2024-07-03,4,60
769,Nathan Anderson,nathan.anderson@email.com,555-4866,Female,2024-06-15,1,28
770,Rachel Turner,rachel.turner@email.com,555-2960,Female,2024-05-04,1,20
771,Luke Adams,luke.adams@email.com,555-3539,Female,2024-02-15,16,28
772,Felix Moore,felix.moore@email.com,555-6544,Male,2024-01-31,23,59
773,Jack Mitchell,jack.mitchell@email.com,555-2759,Male,2024-09-06,15,38
774,Jason Allen,jason.allen@email.com,555-8187,Male,2024-01-11,25,40
775,Ursula Thomas,ursula.thomas@email.com,555-5107,Male,2024-09-05,29,53
776,Steve Mitchell,steve.mitchell@email.com,555-9029,Male,2024-10-17,12,52
777,Wendy Walker,wendy.walker@email.com,555-8674,Female,2024-11-02,11,22
778,Hugo Jackson,hugo.jackson@email.com,555-8362,Female,2024-05-14,35,41
779,Derek Johnson,derek.johnson@email.com,555-9289,Female,2024-04-04,2,57
780,Xavier Campbell,xavier.campbell@email.com,555-4912,Female,2024-02-02,35,70
781,Yara Martin,yara.martin@email.com,555-9586,Female,2024-10-09,10,57
782,Steve Walker,steve.walker@email.com,555-7714,Female,2024-02-26,7,51
783,Quincy Wilson,quincy.wilson@email.com,555-1717,Male,2024-04-01,3,30
784,Grace Baker,grace.baker@email.com,555-4139,Male,2024-01-17,25,60
785,Felix Carter,felix.carter@email.com,555-5193,Male,2024-07-06,15,56
786,Tracy Wilson,tracy.wilson@email.com,555-1214,Male,2024-12-01,32,23
787,Derek Miller,derek.miller@email.com,555-6913,Female,2024-07-07,4,70
788,Noah Rodriguez,noah.rodriguez@email.com,555-9667,Male,2024-02-06,20,22
789,Nathan Carter,nathan.carter@email.com,555-2591,Male,2024-04-28,35,42
790,Maria Martin,maria.martin@email.com,555-9621,Male,2024-10-18,12,53
791,Vince Perez,vince.perez@email.com,555-7802,Male,2024-11-22,23,61
792,Derek Hill,derek.hill@email.com,555-2705,Male,2024-04-02,26,50
793,Victor White,victor.white@email.com,555-9747,Female,2024-06-29,21,53
794,Uma Young,uma.young@email.com,555-7755,Female,2024-06-14,16,54
795,Ivy Garcia,ivy.garcia@email.com,555-7145,Female,2024-07-03,29,46
796,Zack Johnson,zack.johnson@email.com,555-1567,Female,2024-11-01,2,51
797,Iris Lee,iris.lee@email.com,555-1107,Female,2024-04-23,14,38
798,Bob Rodriguez,bob.rodriguez@email.com,555-9376,Male,2024-02-18,3,47
799,Wendy Jackson,wendy.jackson@email.com,555-3267,Female,2024-07-06,16,32
800,Quinn Lee,quinn.lee@email.com,555-2505,Female,2024-10-18,14,64
801,Emma Walker,emma.walker@email.com,555-8905,Male,2024-09-06,7,56
802,Pam Lee,pam.lee@email.com,555-1612,Female,2024-02-10,4,67
803,Victor Allen,victor.allen@email.com,555-8115,Female,2024-03-02,15,65
804,Pam Phillips,pam.phillips@email.com,555-1187,Female,2024-01-28,20,51
805,Carol Walker,carol.walker@email.com,555-9846,Male,2024-06-16,33,62
806,Olivia Jackson,olivia.jackson@email.com,555-1827,Female,2024-08-16,33,23
807,Olivia Hill,olivia.hill@email.com,555-5747,Female,2024-03-16,9,39
808,Frank Adams,frank.adams@email.com,555-1807,Female,2024-05-14,6,43
809,Gina Hill,gina.hill@email.com,555-3136,Male,2024-09-03,13,49
810,Zack Roberts,zack.roberts@email.com,555-4212,Male,2024-05-04,5,35
811,Xander Hill,xander.hill@email.com,555-6298,Male,2024-02-27,27,45
812,Xavier Allen,xavier.allen@email.com,555-4120,Female,2024-06-25,2,67
813,Tina White,tina.white@email.com,555-6729,Female,2024-11-15,10,46
814,Carol Martinez,carol.martinez@email.com,555-4271,Female,2024-03-20,6,25
815,Vince Miller,vince.miller@email.com,555-4982,Male,2024-05-27,1,39
816,Sam Anderson,sam.anderson@email.com,555-5999,Female,2024-08-29,2,39
817,Nathan Mitchell,nathan.mitchell@email.com,555-4471,Male,2024-10-06,34,66
818,Quinn Perez,quinn.perez@email.com,555-8913,Male,2024-12-21,2,42
819,Luke Carter,luke.carter@email.com,555-1712,Female,2024-03-28,4,36
820,Maria Campbell,maria.campbell@email.com,555-5444,Male,2024-08-26,1,22
821,Yara Rodriguez,yara.rodriguez@email.com,555-6901,Male,2024-01-10,19,59
822,Yara Martinez,yara.martinez@email.com,555-7237,Male,2024-06-10,32,56
823,Ivy Moore,ivy.moore@email.com,555-4054,Male,2024-09-13,30,53
824,Tracy Williams,tracy.williams@email.com,555-1651,Male,2024-09-28,20,39
825,Felix Wright,felix.wright@email.com,555-3572,Male,2024-06-26,23,40
826,Oscar Lee,oscar.lee@email.com,555-4869,Female,2024-02-01,17,42
827,Bob Perez,bob.perez@email.com,555-5590,Male,2024-03-18,22,43
828,Quincy Thomas,quincy.thomas@email.com,555-2438,Female,2024-09-23,15,44
829,Paul Roberts,paul.roberts@email.com,555-3502,Female,2024-06-08,22,46
830,Ivy Thomas,ivy.thomas@email.com,555-4387,Male,2024-10-24,35,61
831,Maria Thomas,maria.thomas@email.com,555-6062,Male,2024-08-08,10,59
832,Kate White,kate.white@email.com,555-6201,Male,2024-10-12,35,64
833,Henry Harris,henry.harris@email.com,555-6203,Male,2024-01-16,21,44
834,Amy Lee,amy.lee@email.com,555-8258,Female,2024-03-18,13,24
835,Iris Harris,iris.harris@email.com,555-1429,Female,2024-11-06,15,56
836,Olivia Martinez,olivia.martinez@email.com,555-1427,Female,2024-02-10,31,26
837,Gina Phillips,gina.phillips@email.com,555-8680,Female,2024-04-04,25,49
838,Elena Thomas,elena.thomas@email.com,555-3683,Male,2024-04-25,3,44
839,Willa Johnson,willa.johnson@email.com,555-5421,Female,2024-04-23,13,66
840,Nathan Wilson,nathan.wilson@email.com,555-3901,Female,2024-11-11,32,62
841,Uma Green,uma.green@email.com,555-5043,Female,2024-07-26,3,56
842,Vince King,vince.king@email.com,555-6126,Female,2024-11-09,35,51
843,Pam Davis,pam.davis@email.com,555-9530,Male,2024-08-19,30,70
844,Carol Robinson,carol.robinson@email.com,555-9498,Female,2024-01-21,25,51
845,Willa Miller,willa.miller@email.com,555-4110,Female,2024-08-13,26,37
846,Xander Lewis,xander.lewis@email.com,555-8558,Male,2024-08-04,19,57
847,David Carter,david.carter@email.com,555-3330,Female,2024-11-26,29,23
848,Ursula Nelson,ursula.nelson@email.com,555-2854,Male,2024-10-26,35,26
849,Zack Lopez,zack.lopez@email.com,555-6299,Female,2024-01-13,12,47
850,Luke Martin,luke.martin@email.com,555-8449,Male,2024-05-08,21,62
851,Pam White,pam.white@email.com,555-3024,Male,2024-02-28,29,58
852,Xavier Moore,xavier.moore@email.com,555-9582,Female,2024-09-18,11,42
853,Jason King,jason.king@email.com,555-1719,Male,2024-06-20,10,28
854,Jack Harris,jack.harris@email.com,555-1840,Female,2024-06-06,20,64
855,Xander Scott,xander.scott@email.com,555-5731,Male,2024-03-01,9,30
856,Alice Campbell,alice.campbell@email.com,555-5146,Male,2024-08-22,32,49
857,Ivy Johnson,ivy.johnson@email.com,555-9084,Male,2024-04-21,31,47
858,Amy Scott,amy.scott@email.com,555-2300,Male,2024-05-05,18,57
859,Oscar Perez,oscar.perez@email.com,555-4401,Male,2024-04-04,10,21
860,Pam Allen,pam.allen@email.com,555-1601,Male,2024-01-17,20,39
861,Frank Miller,frank.miller@email.com,555-2784,Female,2024-04-01,11,61
862,Steve Campbell,steve.campbell@email.com,555-3906,Female,2024-10-23,24,20
863,Frank Lee,frank.lee@email.com,555-6289,Female,2024-07-13,5,66
864,Ben Perez,ben.perez@email.com,555-2063,Female,2024-08-29,9,25
865,Sam Rodriguez,sam.rodriguez@email.com,555-6393,Female,2024-09-25,14,62
866,Nathan Campbell,nathan.campbell@email.com,555-1953,Male,2024-10-19,34,23
867,Elena Phillips,elena.phillips@email.com,555-5705,Female,2024-11-07,21,34
868,Hugo Roberts,hugo.roberts@email.com,555-6797,Male,2024-11-10,32,51
869,Ursula Baker,ursula.baker@email.com,555-9069,Male,2024-11-08,15,63
870,Steve Martin,steve.martin@email.com,555-1025,Male,2024-01-13,30,58
871,Henry Garcia,henry.garcia@email.com,555-7793,Female,2024-01-24,22,40
872,Jason Garcia,jason.garcia@email.com,555-1185,Male,2024-12-19,19,34
873,Emma Lee,emma.lee@email.com,555-5919,Female,2024-01-04,8,61
874,Victor Hall,victor.hall@email.com,555-7488,Male,2024-03-30,13,39
875,Victor Adams,victor.adams@email.com,555-8774,Male,2024-11-26,9,48
876,Jack Green,jack.green@email.com,555-9797,Female,2024-08-24,27,65
877,David Carter,david.carter@email.com,555-5904,Female,2024-10-11,35,19
878,Nathan Roberts,nathan.roberts@email.com,555-6434,Female,2024-02-03,10,35
879,Bob Hall,bob.hall@email.com,555-7147,Male,2024-10-19,25,29
880,Mia Anderson,mia.anderson@email.com,555-6050,Female,2024-12-29,3,35
881,Amy Moore,amy.moore@email.com,555-9143,Male,2024-07-09,29,37
882,Nathan Carter,nathan.carter@email.com,555-5953,Male,2024-02-27,24,68
883,Carol Martin,carol.martin@email.com,555-2517,Female,2024-09-16,2,69
884,Elena Nelson,elena.nelson@email.com,555-3524,Male,2024-06-23,31,64
885,Hugo Lee,hugo.lee@email.com,555-6363,Male,2024-02-20,34,61
886,Iris Garcia,iris.garcia@email.com,555-1598,Female,2024-07-17,34,25
887,Alice Lee,alice.lee@email.com,555-1721,Male,2024-06-19,30,20
888,Grace Carter,grace.carter@email.com,555-6119,Male,2024-10-22,20,58
889,Nathan Walker,nathan.walker@email.com,555-4285,Male,2024-05-26,18,52
890,Uma Scott,uma.scott@email.com,555-2927,Female,2024-03-17,11,35
891,Henry Johnson,henry.johnson@email.com,555-9422,Male,2024-04-15,35,40
892,Jason Walker,jason.walker@email.com,555-5440,Male,2024-12-26,19,54
893,Paul White,paul.white@email.com,555-2167,Female,2024-11-09,22,52
894,Claire Miller,claire.miller@email.com,555-3131,Male,2024-08-29,4,24
895,Yara Miller,yara.miller@email.com,555-2410,Female,2024-07-19,12,63
896,Mia Turner,mia.turner@email.com,555-8304,Female,2024-06-08,22,70
897,Maria Mitchell,maria.mitchell@email.com,555-2286,Female,2024-10-17,9,23
898,Sam Green,sam.green@email.com,555-2593,Female,2024-06-07,30,48
899,Olivia Martinez,olivia.martinez@email.com,555-3354,Female,2024-07-05,26,29
900,Sam Hall,sam.hall@email.com,555-6320,Female,2024-09-06,2,22
901,Elena Anderson,elena.anderson@email.com,555-6758,Female,2024-08-24,11,36
902,Xander Allen,xander.allen@email.com,555-3087,Male,2024-07-26,7,38
903,Jason Wilson,jason.wilson@email.com,555-5949,Female,2024-07-24,27,33
904,Noah Robinson,noah.robinson@email.com,555-9977,Male,2024-09-03,25,22
905,Victor Garcia,victor.garcia@email.com,555-8063,Female,2024-10-17,22,52
906,Sam Robinson,sam.robinson@email.com,555-3835,Male,2024-12-30,32,25
907,Luke Phillips,luke.phillips@email.com,555-8584,Female,2024-10-11,7,70
908,Claire Harris,claire.harris@email.com,555-6046,Female,2024-02-05,7,61
909,Mia King,mia.king@email.com,555-6364,Female,2024-11-26,4,23
910,Nathan Thomas,nathan.thomas@email.com,555-1003,Male,2024-12-04,10,46
911,Ivy Lewis,ivy.lewis@email.com,555-7389,Female,2024-04-10,14,61
912,Uma Lee,uma.lee@email.com,555-5989,Female,2024-06-25,6,55
913,Alice Campbell,alice.campbell@email.com,555-9362,Female,2024-03-06,19,21
914,Xavier Perez,xavier.perez@email.com,555-1870,Male,2024-12-26,23,25
915,Steve Williams,steve.williams@email.com,555-4854,Female,2024-12-25,26,58
916,Uma King,uma.king@email.com,555-7652,Female,2024-08-10,35,31
917,Quincy Harris,quincy.harris@email.com,555-8780,Male,2024-04-06,25,41
918,Amy Jackson,amy.jackson@email.com,555-5726,Male,2024-03-09,1,22
919,Pam Williams,pam.williams@email.com,555-3359,Female,2024-12-02,28,26
920,Frank Thomas,frank.thomas@email.com,555-7813,Female,2024-12-22,28,57
921,Leo Green,leo.green@email.com,555-9346,Female,2024-10-09,29,42
922,Wendy Martinez,wendy.martinez@email.com,555-4044,Female,2024-11-05,1,54
923,Felix Robinson,felix.robinson@email.com,555-9220,Female,2024-07-29,35,54
924,Xavier Davis,xavier.davis@email.com,555-1620,Female,2024-12-26,24,25
925,Luke Adams,luke.adams@email.com,555-2311,Male,2024-09-26,18,47
926,Hugo Moore,hugo.moore@email.com,555-9574,Male,2024-05-05,31,58
927,Vince Wilson,vince.wilson@email.com,555-9834,Female,2024-11-09,4,39
928,Ivy Johnson,ivy.johnson@email.com,555-8681,Female,2024-09-19,31,54
929,Ursula Hall,ursula.hall@email.com,555-7897,Female,2024-05-30,19,28
930,Carol Phillips,carol.phillips@email.com,555-5981,Female,2024-02-01,31,55
931,Karen Roberts,karen.roberts@email.com,555-1845,Female,2024-11-15,2,36
932,Felix Moore,felix.moore@email.com,555-3077,Male,2024-05-22,17,26
933,Noah Rodriguez,noah.rodriguez@email.com,555-5509,Female,2024-01-08,8,56
934,Leo Turner,leo.turner@email.com,555-3476,Female,2024-07-08,12,34
935,Sam Robinson,sam.robinson@email.com,555-8944,Male,2024-09-27,3,39
936,Frank Jackson,frank.jackson@email.com,555-3525,Female,2024-07-30,25,33
937,Quincy Scott,quincy.scott@email.com,555-3740,Male,2024-10-22,23,21
938,Pam Clark,pam.clark@email.com,555-2900,Male,2024-03-26,30,43
939,Elena Lee,elena.lee@email.com,555-8803,Male,2024-07-13,25,48
940,Quinn Jackson,quinn.jackson@email.com,555-9690,Female,2024-01-07,19,69
941,Claire King,claire.king@email.com,555-6172,Male,2024-02-19,35,58
942,Wendy Hill,wendy.hill@email.com,555-5466,Female,2024-05-18,18,69
943,Grace Clark,grace.clark@email.com,555-7408,Female,2024-12-11,16,64
944,Rita Turner,rita.turner@email.com,555-4193,Female,2024-12-12,12,38
945,Jason Johnson,jason.johnson@email.com,555-1138,Male,2024-01-07,27,24
946,Hugo Taylor,hugo.taylor@email.com,555-8306,Female,2024-04-22,19,34
947,Maria Davis,maria.davis@email.com,555-1388,Male,2024-01-30,14,56
948,Oscar Anderson,oscar.anderson@email.com,555-2965,Male,2024-11-05,9,42
949,Quincy Roberts,quincy.roberts@email.com,555-4027,Male,2024-12-22,12,34
950,Steve Green,steve.green@email.com,555-2240,Female,2024-05-21,28,62
951,Quincy Walker,quincy.walker@email.com,555-5216,Male,2024-02-07,18,67
952,David King,david.king@email.com,555-7366,Female,2024-01-31,17,70
953,Quinn Harris,quinn.harris@email.com,555-8218,Male,2024-09-08,13,57
954,Zack Harris,zack.harris@email.com,555-9061,Male,2024-03-14,35,67
955,Ben Garcia,ben.garcia@email.com,555-2740,Female,2024-05-12,7,20
956,Emma Wilson,emma.wilson@email.com,555-5105,Female,2024-01-10,32,27
957,Pam Johnson,pam.johnson@email.com,555-1619,Female,2024-05-16,10,62
958,Victor Wright,victor.wright@email.com,555-1060,Female,2024-09-01,28,43
959,Ursula Wilson,ursula.wilson@email.com,555-9849,Male,2024-01-02,25,62
960,Xander Adams,xander.adams@email.com,555-2985,Female,2024-06-19,20,43
961,David Moore,david.moore@email.com,555-6985,Female,2024-02-11,30,66
962,Xander Lewis,xander.lewis@email.com,555-4327,Male,2024-10-10,3,42
963,Quincy Martin,quincy.martin@email.com,555-5896,Female,2024-02-24,23,49
964,Frank Scott,frank.scott@email.com,555-4104,Male,2024-01-19,13,19
965,Ursula Turner,ursula.turner@email.com,555-4907,Female,2024-07-18,5,68
966,Ivy Lee,ivy.lee@email.com,555-9186,Female,2024-01-09,3,39
967,David Hall,david.hall@email.com,555-1701,Female,2024-03-01,14,69
968,Pam Carter,pam.carter@email.com,555-8509,Male,2024-10-23,15,22
969,Carol Jackson,carol.jackson@email.com,555-9010,Male,2024-08-29,3,33
970,Sam Thomas,sam.thomas@email.com,555-1235,Male,2024-11-19,4,37
971,Grace Green,grace.green@email.com,555-3796,Male,2024-02-24,8,49
972,Mia Campbell,mia.campbell@email.com,555-4613,Male,2024-04-13,28,39
973,Vince Wright,vince.wright@email.com,555-6312,Male,2024-12-16,35,26
974,Uma Garcia,uma.garcia@email.com,555-1746,Male,2024-06-20,5,25
975,Rachel Jackson,rachel.jackson@email.com,555-7801,Male,2024-12-22,24,53
976,Karen Scott,karen.scott@email.com,555-4991,Male,2024-03-09,7,68
977,Oscar Campbell,oscar.campbell@email.com,555-7162,Male,2024-01-09,32,23
978,Alice Johnson,alice.johnson@email.com,555-3939,Male,2024-12-27,19,44
979,Sam Adams,sam.adams@email.com,555-3079,Male,2024-03-14,18,51
980,Claire Lopez,claire.lopez@email.com,555-4919,Male,2024-11-08,3,56
981,Leo Baker,leo.baker@email.com,555-2442,Female,2024-06-27,27,18
982,Jason Robinson,jason.robinson@email.com,555-4144,Male,2024-09-28,7,57
983,Xavier Mitchell,xavier.mitchell@email.com,555-9315,Male,2024-08-25,14,35
984,David Martin,david.martin@email.com,555-2846,Male,2024-12-16,31,49
985,Leo White,leo.white@email.com,555-1706,Male,2024-11-26,24,36
986,Nathan Hill,nathan.hill@email.com,555-5118,Female,2024-11-11,30,20
987,Grace Miller,grace.miller@email.com,555-9804,Male,2024-03-21,2,49
988,Gina Anderson,gina.anderson@email.com,555-2160,Male,2024-08-15,21,44
989,Maria Walker,maria.walker@email.com,555-4769,Male,2024-06-15,15,24
990,Paul Lopez,paul.lopez@email.com,555-4276,Female,2024-04-22,5,48
991,Luke Baker,luke.baker@email.com,555-1890,Female,2024-03-15,14,57
992,Derek Harris,derek.harris@email.com,555-7346,Female,2024-03-10,30,64
993,Maria Allen,maria.allen@email.com,555-5418,Male,2024-06-20,9,20
994,Sam Roberts,sam.roberts@email.com,555-1977,Female,2024-03-10,8,47
995,Derek Lopez,derek.lopez@email.com,555-3804,Female,2024-04-22,19,56
996,Karen Campbell,karen.campbell@email.com,555-3784,Male,2024-02-14,27,51
997,Felix Garcia,felix.garcia@email.com,555-8757,Female,2024-05-22,1,64
998,Ben Robinson,ben.robinson@email.com,555-5060,Female,2024-08-10,15,55
999,Jack Roberts,jack.roberts@email.com,555-1083,Female,2024-01-23,3,48
1000,Ursula Nelson,ursula.nelson@email.com,555-1550,Female,2024-09-28,26,48
